PLAYER_ID,PLAYER_NAME,GP,W,L,W_PCT,MIN,E_OFF_RATING,E_DEF_RATING,E_NET_RATING,E_AST_RATIO,E_OREB_PCT,E_DREB_PCT,E_REB_PCT,E_TOV_PCT,E_USG_PCT,E_PACE,GP_RANK,W_RANK,L_RANK,W_PCT_RANK,MIN_RANK,E_OFF_RATING_RANK,E_DEF_RATING_RANK,E_NET_RATING_RANK,E_AST_RATIO_RANK,E_OREB_PCT_RANK,E_DREB_PCT_RANK,E_REB_PCT_RANK,E_TOV_PCT_RANK,E_USG_PCT_RANK,E_PACE_RANK
1641739,Toumani Camara,74,37,37,0.5,33.1,112.1,112.8,-0.8,15.9,0.05,0.12,0.084,11.798,0.161,104.03,1,91,499,293,39,252,299,269,338,238,348,323,46,348,125
1630643,Jay Huff,74,16,58,0.216,20.9,106.6,113.7,-7.2,13.5,0.045,0.15,0.098,8.552,0.181,103.32,1,327,571,506,256,448,342,421,411,270,227,251,46,263,168
1642847,Jeremiah Fears,74,25,49,0.338,24.9,110.5,117.6,-7.1,17.9,0.029,0.127,0.077,12.256,0.246,103.17,1,216,564,420,183,315,476,420,272,395,319,364,46,81,180
1628971,Bruce Brown,74,46,28,0.622,24.5,113.9,114.4,-0.5,20.9,0.05,0.122,0.088,10.833,0.143,100.31,1,21,391,141,189,168,382,263,188,234,337,296,46,428,395
1628969,Mikal Bridges,74,48,26,0.649,33.4,116.8,110.2,6.6,22.2,0.033,0.099,0.066,5.869,0.175,100.27,1,12,358,114,34,71,177,84,163,370,445,437,46,290,397
1627739,Kris Dunn,74,38,36,0.514,27.4,114.4,112.3,2.1,31.8,0.032,0.109,0.071,11.668,0.126,98.73,1,84,495,281,137,145,280,189,35,375,398,399,46,493,474
1641716,Jarace Walker,73,15,58,0.205,25.6,106.9,117.6,-10.7,16.4,0.026,0.195,0.108,12.075,0.203,104.6,7,346,571,514,175,439,476,484,319,421,117,211,46,173,91
1629750,Javonte Green,73,53,20,0.726,17.7,111.9,104.6,7.3,9.8,0.05,0.123,0.087,8.427,0.147,103.9,7,4,268,57,317,266,44,67,521,237,336,303,46,407,132
1642852,Derik Queen,73,25,48,0.342,24.5,112.1,118.1,-6.0,22.8,0.072,0.234,0.153,14.005,0.216,103.57,7,216,557,417,190,252,482,396,149,153,51,80,46,149,146
1628978,Donte DiVincenzo,73,45,28,0.616,30.9,116.6,108.2,8.4,24.7,0.033,0.116,0.076,9.202,0.166,103.09,7,30,391,147,71,81,106,53,120,371,363,369,46,328,189
203944,Julius Randle,73,45,28,0.616,33.1,117.3,112.3,4.9,19.7,0.058,0.169,0.115,10.568,0.266,103.03,7,30,391,147,40,59,280,123,218,207,175,183,46,53,196
1630577,Julian Champagnie,73,55,18,0.753,27.7,119.3,107.0,12.3,13.0,0.036,0.184,0.113,7.873,0.152,103.02,7,1,237,45,128,32,81,23,428,335,139,191,46,382,198
1629640,Keldon Johnson,73,55,18,0.753,23.2,115.0,108.8,6.2,10.6,0.076,0.173,0.125,6.826,0.203,102.45,7,1,237,45,207,126,119,92,502,145,162,153,46,173,238
1630217,Desmond Bane,73,39,34,0.534,34.2,112.5,111.4,1.1,18.4,0.039,0.096,0.068,8.649,0.233,102.25,7,65,478,259,22,227,240,214,260,308,459,425,46,107,260
201942,DeMar DeRozan,73,18,55,0.247,31.6,109.9,121.0,-11.1,19.9,0.015,0.094,0.054,5.944,0.228,102.07,7,298,569,487,55,337,528,490,212,502,469,510,46,118,271
203501,Tim Hardaway Jr.,73,45,28,0.616,26.9,118.6,114.7,3.9,10.6,0.009,0.097,0.055,4.458,0.185,101.47,7,30,391,147,149,40,397,148,503,533,457,504,1,242,327
1631222,Jake LaRavia,73,47,26,0.644,24.7,115.6,116.4,-0.8,17.7,0.069,0.111,0.091,10.113,0.146,101.32,7,16,358,120,185,108,452,269,282,160,387,279,46,414,337
1641764,Brandin Podziemski,73,35,38,0.479,28.4,109.3,110.4,-1.1,22.3,0.036,0.169,0.101,9.623,0.197,101.31,7,116,505,335,119,357,183,281,158,333,172,242,46,198,338
1642263,Reed Sheppard,73,44,29,0.603,26.3,113.1,111.2,1.9,20.0,0.016,0.103,0.06,9.341,0.216,99.51,7,36,412,166,157,195,228,196,209,499,432,470,46,149,431
1642883,Sion James,73,39,34,0.534,22.8,111.4,110.7,0.7,25.3,0.03,0.135,0.084,10.875,0.108,99.47,7,65,478,259,214,285,201,226,108,389,284,318,46,533,435
1642345,Oso Ighodaro,73,40,33,0.548,22.0,114.1,109.2,4.9,25.7,0.081,0.176,0.126,14.556,0.124,98.11,7,55,469,239,234,159,131,123,101,128,155,147,46,497,501
1642267,Bub Carrington,72,17,55,0.236,27.7,106.9,120.8,-13.9,28.3,0.017,0.122,0.069,13.884,0.173,104.16,22,316,569,495,129,439,527,522,66,490,339,417,46,300,123
1642851,Kon Knueppel,72,39,33,0.542,31.5,116.0,112.2,3.7,17.3,0.044,0.144,0.095,9.805,0.221,101.47,22,65,469,250,56,98,276,152,296,275,251,262,46,135,327
1642347,Jamal Shead,72,40,32,0.556,22.2,112.2,109.3,2.9,39.1,0.018,0.082,0.049,10.092,0.157,100.73,22,55,460,223,230,240,134,166,12,485,520,534,46,370,366
1631221,Collin Gillespie,72,39,33,0.542,28.9,112.9,110.1,2.9,26.9,0.04,0.126,0.081,9.098,0.19,99.49,22,65,469,250,111,204,171,166,80,304,323,339,46,221,432
1629638,Nickeil Alexander-Walker,71,38,33,0.535,33.2,114.9,111.9,3.0,16.2,0.021,0.091,0.056,9.048,0.238,105.22,26,84,469,258,37,132,264,165,327,455,482,494,46,91,62
1641824,Matas Buzelis,71,28,43,0.394,29.1,111.2,115.0,-3.9,11.4,0.04,0.162,0.103,11.327,0.227,104.62,26,186,536,388,105,290,413,344,482,300,192,235,46,122,89
1630183,Jaden McDaniels,71,43,28,0.606,31.9,115.0,110.3,4.7,16.6,0.037,0.105,0.072,10.983,0.184,102.96,26,42,391,160,52,126,180,126,313,324,416,393,46,249,203
1641708,Amen Thompson,71,42,29,0.592,37.3,115.1,109.8,5.3,22.7,0.091,0.142,0.117,10.714,0.2,98.96,26,44,412,181,2,123,157,112,151,99,260,177,46,186,464
1630202,Payton Pritchard,71,48,23,0.676,32.5,116.8,110.9,5.9,24.5,0.03,0.106,0.069,6.563,0.214,97.31,26,12,312,85,43,71,209,97,123,392,411,418,46,154,527
1630230,Naji Marshall,70,23,47,0.329,29.7,110.0,113.9,-3.9,18.4,0.034,0.137,0.086,9.234,0.206,104.47,31,236,554,430,100,334,353,344,255,364,277,307,46,167,96
1630700,Dyson Daniels,70,40,30,0.571,33.2,115.7,110.5,5.2,31.7,0.077,0.144,0.111,9.678,0.161,104.33,31,55,428,200,38,107,189,114,36,141,247,199,46,348,107
1642271,Kyle Filipowski,70,21,49,0.3,22.9,113.3,119.9,-6.6,18.4,0.087,0.252,0.167,12.718,0.194,103.71,31,266,564,440,211,189,519,413,259,107,36,55,46,210,141
1629675,Naz Reid,70,44,26,0.629,26.1,113.8,108.8,5.0,14.6,0.05,0.218,0.134,10.352,0.217,103.14,31,36,358,131,163,173,119,119,380,235,71,123,46,146,183
203497,Rudy Gobert,70,44,26,0.629,31.4,113.1,106.7,6.3,15.2,0.14,0.249,0.196,12.014,0.129,102.62,31,36,358,131,58,195,76,88,361,35,40,31,46,489,225
1629130,Duncan Robinson,70,51,19,0.729,27.7,117.8,109.3,8.4,16.5,0.016,0.091,0.054,5.516,0.154,102.6,31,5,255,55,130,53,134,53,314,495,478,508,46,377,228
1641717,Cason Wallace,70,54,16,0.771,27.0,115.1,103.6,11.5,23.1,0.035,0.089,0.063,8.423,0.144,102.26,31,3,214,37,148,123,38,28,145,348,486,451,46,423,259
1631243,Mouhamed Gueye,70,39,31,0.557,15.3,112.5,111.2,1.3,15.8,0.083,0.174,0.128,8.553,0.13,101.81,31,65,444,220,362,227,228,211,340,120,158,139,46,485,297
1630567,Scottie Barnes,70,39,31,0.557,33.9,113.4,109.7,3.6,22.9,0.067,0.194,0.13,10.866,0.234,101.53,31,65,444,220,24,185,152,153,148,169,121,135,46,102,318
1630572,Sandro Mamukelashvili,70,38,32,0.543,21.8,112.6,110.6,2.0,16.4,0.069,0.182,0.124,7.213,0.184,101.52,31,84,460,248,241,222,196,191,318,161,143,155,46,249,320
1626220,Royce O'Neale,70,39,31,0.557,29.1,111.2,114.7,-3.5,22.1,0.028,0.157,0.091,10.972,0.144,100.96,31,65,444,220,107,290,397,335,165,406,204,276,46,423,356
1631157,Ryan Rollins,70,27,43,0.386,32.1,112.0,115.0,-3.0,24.4,0.026,0.133,0.081,11.678,0.24,100.35,31,202,536,394,49,261,413,321,124,419,293,341,46,88,390
201142,Kevin Durant,70,41,29,0.586,36.5,114.9,111.1,3.8,16.2,0.016,0.147,0.083,11.469,0.27,99.39,31,48,412,191,3,132,225,149,326,491,238,331,46,46,441
1630573,Sam Hauser,70,48,22,0.686,24.6,117.2,110.9,6.3,14.8,0.034,0.137,0.086,4.845,0.146,98.03,31,12,301,80,188,61,209,88,372,362,278,309,1,414,502
1628401,Derrick White,70,47,23,0.671,34.3,116.5,106.7,9.8,23.4,0.036,0.104,0.071,7.636,0.229,97.62,31,16,312,91,21,86,76,39,141,337,425,404,46,115,513
1642276,Kel'el Ware,69,35,34,0.507,22.4,111.9,111.3,0.7,5.9,0.132,0.28,0.206,7.939,0.179,106.4,46,116,478,292,224,266,234,226,551,45,20,25,46,272,39
203468,CJ McCollum,69,32,37,0.464,29.8,112.1,112.3,-0.2,16.9,0.028,0.089,0.059,8.133,0.255,103.9,46,154,499,344,93,252,280,257,302,402,488,477,46,74,132
1642377,Jaylen Wells,69,24,45,0.348,26.4,111.6,117.1,-5.6,11.6,0.036,0.097,0.066,7.722,0.194,103.3,46,226,547,410,154,278,465,385,472,334,456,436,46,210,170
1642270,Donovan Clingan,69,36,33,0.522,27.2,112.3,113.2,-0.9,16.0,0.173,0.285,0.228,9.067,0.167,103.2,46,105,469,274,142,233,319,277,334,14,19,8,46,322,177
1641842,Ronald Holland II,69,49,20,0.71,19.9,108.7,104.5,4.2,12.5,0.065,0.168,0.118,12.18,0.19,103.03,46,8,268,67,273,377,43,140,444,175,177,172,46,221,196
1642285,Cam Spencer,69,23,46,0.333,24.0,110.5,114.7,-4.2,35.6,0.024,0.094,0.058,8.299,0.173,102.4,46,236,550,421,196,315,397,349,20,435,467,481,46,300,245
1628976,Wendell Carter Jr.,69,37,32,0.536,29.7,112.3,110.9,1.4,16.0,0.08,0.203,0.142,9.507,0.157,102.13,46,91,460,257,98,233,209,207,335,134,99,104,46,370,268
1628379,Luke Kennard,69,39,30,0.565,21.0,114.5,113.9,0.7,23.3,0.022,0.094,0.059,8.788,0.132,101.96,46,65,428,212,252,141,353,226,142,449,468,476,46,481,282
1627750,Jamal Murray,69,42,27,0.609,35.1,122.6,117.5,5.1,23.6,0.015,0.122,0.071,7.696,0.283,100.58,46,44,373,157,9,17,475,117,135,505,338,401,46,34,376
1626157,Karl-Anthony Towns,69,45,24,0.652,30.9,118.1,110.9,7.2,13.1,0.112,0.317,0.215,11.378,0.259,100.56,46,30,331,111,73,47,209,73,424,69,9,16,46,62,378
1627742,Brandon Ingram,69,38,31,0.551,34.1,112.2,112.1,0.1,14.7,0.026,0.163,0.093,10.057,0.272,100.44,46,84,444,234,23,240,272,247,379,416,191,269,46,42,386
1631095,Jabari Smith Jr.,69,41,28,0.594,35.2,113.9,111.0,2.9,11.1,0.048,0.173,0.111,8.122,0.18,99.12,46,48,391,179,8,168,220,166,487,249,159,198,46,267,453
1629006,Josh Okogie,69,41,28,0.594,17.7,114.9,109.9,5.0,14.5,0.066,0.099,0.082,9.589,0.117,97.96,46,48,391,179,315,132,162,119,386,171,446,336,46,514,506
1629674,Neemias Queta,69,46,23,0.667,25.2,115.4,105.5,9.9,15.7,0.131,0.223,0.179,10.648,0.148,96.87,46,21,312,92,178,114,54,35,343,46,64,46,46,397,536
1630168,Onyeka Okongwu,68,37,31,0.544,31.0,112.3,111.8,0.6,18.0,0.064,0.206,0.134,9.735,0.196,105.01,60,91,444,244,70,233,259,232,269,177,92,122,46,202,73
1631108,Max Christie,68,21,47,0.309,29.5,108.4,114.8,-6.4,14.8,0.008,0.108,0.06,9.518,0.167,103.4,60,266,554,436,102,387,404,409,373,536,402,471,46,322,159
203084,Harrison Barnes,68,50,18,0.735,26.3,117.0,110.2,6.8,17.8,0.034,0.084,0.059,7.404,0.149,102.51,60,6,237,52,158,67,177,80,279,355,510,473,46,392,234
1641783,Tristan da Silva,68,37,31,0.544,24.7,112.1,110.3,1.9,14.0,0.033,0.136,0.085,7.656,0.163,101.85,60,91,444,244,184,252,180,196,399,367,283,315,46,343,291
1628970,Miles Bridges,68,37,31,0.544,31.5,115.9,113.9,2.0,16.2,0.035,0.173,0.105,7.319,0.228,100.69,60,91,444,244,57,103,353,191,324,354,160,226,46,118,372
1631260,AJ Green,68,28,40,0.412,28.5,112.7,115.0,-2.2,17.9,0.012,0.086,0.049,8.237,0.134,100.33,60,186,523,375,117,220,413,305,276,525,503,532,46,469,392
1628973,Jalen Brunson,68,46,22,0.676,35.0,118.7,112.4,6.3,21.1,0.014,0.094,0.054,7.39,0.304,99.94,60,21,301,83,12,39,287,88,180,514,465,512,46,20,414
201587,Nicolas Batum,68,37,31,0.544,18.2,114.0,113.0,0.9,18.3,0.021,0.145,0.084,10.981,0.096,99.04,60,91,444,244,307,164,308,219,262,459,244,320,46,554,456
1642864,Hugo González,68,46,22,0.676,15.1,117.9,105.7,12.2,12.3,0.066,0.183,0.126,11.026,0.118,97.46,60,21,301,83,365,50,56,24,452,170,140,145,46,510,521
1631248,Baylor Scheierman,68,47,21,0.691,17.9,114.2,109.0,5.2,23.2,0.047,0.167,0.108,9.115,0.112,96.79,60,16,289,78,314,153,126,114,143,255,181,213,46,523,537
1630696,Dru Smith,67,36,31,0.537,16.8,109.2,108.6,0.6,29.8,0.054,0.1,0.077,9.221,0.151,106.65,70,105,444,254,338,359,115,232,49,218,439,362,46,385,35
1631170,Jaime Jaquez Jr.,67,37,30,0.552,28.2,113.6,109.2,4.5,23.7,0.046,0.135,0.091,10.258,0.221,106.41,70,91,428,231,122,181,131,132,133,260,285,277,46,135,38
1641729,Brice Sensabaugh,67,18,49,0.269,22.8,112.1,120.1,-8.0,10.9,0.039,0.109,0.074,9.791,0.247,104.75,70,298,564,465,216,252,523,433,495,306,400,386,46,78,83
1641711,Gradey Dick,67,37,30,0.552,15.0,110.9,106.6,4.3,10.2,0.042,0.113,0.077,7.941,0.179,103.35,70,91,428,231,368,298,73,136,510,287,382,361,46,272,161
1631321,Sidy Cissoko,67,34,33,0.507,20.5,108.7,110.5,-1.8,19.6,0.046,0.083,0.064,12.619,0.128,103.11,70,126,469,291,262,377,189,294,220,266,514,447,46,490,186
1630180,Saddiq Bey,67,24,43,0.358,31.1,113.0,115.4,-2.4,14.0,0.058,0.139,0.098,5.056,0.216,102.87,70,226,536,406,67,200,423,309,400,206,271,254,46,149,209
1642363,Nique Clifford,67,18,49,0.269,23.9,109.9,114.2,-4.3,19.1,0.041,0.127,0.083,11.868,0.162,101.72,70,298,564,465,198,337,371,354,235,294,317,326,46,345,303
1630193,Immanuel Quickley,67,38,29,0.567,32.4,113.6,111.2,2.3,27.2,0.018,0.124,0.071,6.824,0.213,100.92,70,84,412,208,45,181,228,183,78,478,331,403,46,155,360
1626171,Bobby Portis,67,26,41,0.388,24.2,110.5,117.1,-6.6,11.0,0.063,0.229,0.148,6.941,0.233,99.18,70,207,529,391,192,315,465,413,492,185,58,91,46,107,451
201572,Brook Lopez,67,37,30,0.552,21.1,114.2,111.5,2.7,13.4,0.028,0.147,0.089,8.613,0.174,97.98,70,91,428,231,249,153,242,172,412,400,236,286,46,295,504
1629111,Jock Landale,66,34,32,0.515,22.1,112.0,116.5,-4.6,14.6,0.129,0.154,0.141,7.699,0.181,103.02,80,126,460,280,232,261,453,360,381,50,214,106,46,263,198
1629656,Quentin Grimes,66,37,29,0.561,30.1,111.3,111.4,-0.1,20.2,0.023,0.113,0.068,10.982,0.19,102.77,80,91,412,217,87,288,240,253,203,445,381,424,46,221,213
1642875,Maxime Raynaud,66,18,48,0.273,26.0,108.4,119.2,-10.8,10.5,0.079,0.237,0.155,9.892,0.18,102.65,80,298,557,458,167,387,504,488,507,139,47,77,46,267,224
1642845,VJ Edgecombe,66,38,28,0.576,34.9,113.8,112.3,1.4,19.4,0.05,0.132,0.09,8.752,0.202,101.85,80,84,391,199,13,173,280,207,224,239,297,285,46,179,291
1626167,Myles Turner,66,27,39,0.409,27.1,109.4,114.6,-5.2,11.4,0.043,0.169,0.107,9.555,0.184,101.23,80,202,516,378,144,354,391,375,480,283,173,219,46,249,342
1642366,Quinten Post,66,32,34,0.485,17.5,112.9,111.3,1.6,15.5,0.063,0.187,0.125,9.227,0.189,101.1,80,154,478,329,323,204,234,203,350,183,132,149,46,225,349
203991,Clint Capela,66,39,27,0.591,12.4,110.6,104.9,5.7,13.8,0.178,0.202,0.19,12.152,0.134,98.97,80,65,373,182,416,312,49,102,406,9,101,36,46,469,463
1631323,Simone Fontecchio,65,33,32,0.508,17.1,112.8,108.8,4.0,14.9,0.048,0.135,0.091,7.469,0.194,105.69,87,138,460,289,330,215,119,145,369,250,286,280,46,210,48
1630552,Jalen Johnson,65,37,28,0.569,35.4,114.0,111.7,2.3,26.0,0.044,0.271,0.157,10.851,0.271,105.06,87,91,391,207,7,164,250,183,94,277,24,72,46,43,69
1628389,Bam Adebayo,65,33,32,0.508,32.1,115.3,109.5,5.8,12.8,0.067,0.265,0.164,7.272,0.258,104.87,87,138,460,289,51,116,142,101,436,167,29,64,46,67,79
1628378,Donovan Mitchell,65,41,24,0.631,33.5,118.8,111.7,7.1,18.3,0.024,0.124,0.075,8.984,0.322,103.12,87,48,331,129,28,37,250,76,263,434,330,381,46,11,185
1627780,Gary Payton II,65,31,34,0.477,15.0,112.6,113.6,-0.9,20.8,0.094,0.164,0.128,10.405,0.185,102.39,87,162,478,337,367,222,339,277,189,95,188,141,46,242,249
1630173,Precious Achiuwa,65,17,48,0.262,23.3,110.8,116.6,-5.8,12.3,0.104,0.209,0.156,7.422,0.166,101.51,87,316,557,469,205,301,457,388,450,80,89,74,46,328,322
1631165,Keon Ellis,65,26,39,0.4,20.1,109.0,113.6,-4.6,13.1,0.027,0.075,0.05,8.084,0.131,100.99,87,207,516,380,269,369,339,360,421,409,531,527,46,482,352
1628398,Kyle Kuzma,65,28,37,0.431,26.4,110.7,116.8,-6.1,16.6,0.035,0.154,0.095,10.557,0.217,100.5,87,186,499,365,155,307,460,401,312,346,216,264,46,146,381
1629651,Nic Claxton,65,16,49,0.246,28.1,106.0,118.4,-12.4,24.6,0.098,0.192,0.142,9.26,0.177,99.95,87,327,564,488,123,461,489,507,121,90,125,100,46,281,413
1627759,Jaylen Brown,65,42,23,0.646,34.3,116.0,111.5,4.5,15.4,0.038,0.18,0.111,10.642,0.357,99.43,87,44,312,117,20,98,242,132,353,320,147,196,46,4,438
1631217,Moussa Diabaté,65,36,29,0.554,26.0,119.4,110.9,8.5,20.8,0.173,0.216,0.195,10.985,0.117,99.38,87,105,412,229,164,31,209,50,190,15,77,32,46,514,443
1642846,Ace Bailey,64,18,46,0.281,27.1,109.8,119.1,-9.3,11.5,0.058,0.106,0.081,8.732,0.209,104.4,98,298,550,451,145,345,503,460,477,204,412,338,46,159,105
201566,Russell Westbrook,64,16,48,0.25,28.9,109.5,119.9,-10.4,27.4,0.047,0.167,0.105,13.445,0.257,103.34,98,327,557,480,110,352,519,479,77,258,180,229,46,69,164
1630249,Vít Krejčí,64,31,33,0.484,21.7,109.5,111.6,-2.1,17.0,0.024,0.094,0.058,6.956,0.147,103.28,98,162,469,330,243,352,247,302,301,438,466,482,46,407,171
1630538,Bones Hyland,64,40,24,0.625,15.7,114.2,108.7,5.6,25.7,0.022,0.091,0.056,9.078,0.2,103.07,98,55,331,135,357,153,118,105,102,447,477,493,46,186,194
1630530,Trey Murphy III,64,21,43,0.328,35.5,112.9,116.1,-3.2,16.4,0.03,0.147,0.088,7.787,0.23,102.79,98,266,536,431,6,204,445,327,320,387,237,291,46,112,210
1642860,Will Riley,64,16,48,0.25,20.4,106.7,119.6,-13.0,15.7,0.043,0.103,0.073,10.41,0.197,102.57,98,327,557,480,264,445,516,516,344,281,426,391,46,198,231
1642281,Jaylon Tyson,64,40,24,0.625,27.0,116.3,112.0,4.3,15.4,0.074,0.136,0.105,10.235,0.189,102.52,98,55,331,135,147,93,269,136,354,148,281,228,46,225,233
1630198,Isaiah Joe,64,49,15,0.766,21.8,115.2,105.8,9.4,13.4,0.025,0.105,0.066,5.952,0.18,101.75,98,8,195,40,239,120,58,45,414,428,415,435,46,267,299
1641709,Ausar Thompson,64,46,18,0.719,26.0,116.5,106.6,9.9,21.3,0.091,0.155,0.124,10.712,0.174,101.7,98,21,237,62,168,86,73,35,178,100,211,157,46,295,306
203903,Jordan Clarkson,64,40,24,0.625,18.2,114.0,110.9,3.1,13.1,0.049,0.055,0.052,8.855,0.21,100.49,98,55,331,135,308,164,209,160,423,242,548,517,46,157,383
201935,James Harden,64,36,28,0.563,35.0,117.7,115.8,1.9,25.9,0.021,0.141,0.083,11.397,0.29,99.38,98,105,391,216,11,56,436,196,96,463,263,330,46,29,443
1630578,Alperen Sengun,64,39,25,0.609,33.6,114.5,113.7,0.8,22.4,0.101,0.198,0.15,11.805,0.267,98.67,98,65,346,156,27,141,342,224,156,84,108,87,46,50,477
1641796,Pelle Larsson,63,35,28,0.556,25.9,113.9,111.7,2.2,24.3,0.04,0.096,0.068,10.255,0.165,106.78,110,116,391,223,169,168,250,185,125,303,460,421,46,335,33
1630558,Davion Mitchell,63,34,29,0.54,28.3,115.0,110.0,5.0,40.9,0.016,0.082,0.049,9.8,0.137,105.74,110,126,412,253,120,126,166,119,8,492,518,531,46,458,46
202691,Klay Thompson,63,18,45,0.286,21.9,105.5,111.9,-6.4,10.2,0.013,0.086,0.05,7.052,0.22,105.56,110,298,547,447,238,472,264,409,513,518,500,528,46,137,51
1630245,Ayo Dosunmu,63,33,30,0.524,26.8,111.0,112.8,-1.7,21.7,0.028,0.099,0.065,8.06,0.202,103.95,110,138,428,270,151,296,299,293,172,407,444,444,46,179,128
1642383,Walter Clayton Jr.,63,16,47,0.254,19.9,111.2,119.9,-8.8,30.5,0.016,0.098,0.056,12.29,0.184,103.76,110,327,554,479,272,290,519,448,42,500,448,491,46,249,139
1628368,De'Aaron Fox,63,48,15,0.762,31.3,118.0,110.1,7.9,25.2,0.021,0.105,0.064,9.28,0.25,103.34,110,12,195,42,61,49,171,59,113,462,418,445,46,75,164
1641737,Adem Bona,63,36,27,0.571,17.6,112.2,111.8,0.4,8.6,0.118,0.166,0.142,15.752,0.112,103.18,110,105,373,200,320,240,259,240,534,61,186,101,525,523,178
1642954,Will Richard,63,33,30,0.524,20.3,110.3,112.2,-1.9,17.4,0.053,0.089,0.07,10.734,0.133,103.1,110,138,428,270,266,322,276,296,291,224,491,407,46,474,187
1631105,Jalen Duren,63,44,19,0.698,28.0,117.4,106.9,10.4,10.0,0.155,0.263,0.209,9.877,0.235,102.43,110,36,255,74,124,58,79,34,515,29,30,19,46,97,241
1642450,Daniss Jenkins,63,47,16,0.746,19.0,110.7,106.4,4.3,26.6,0.037,0.083,0.06,10.964,0.209,102.36,110,16,214,51,295,307,69,136,84,325,512,469,46,159,253
1631094,Paolo Banchero,63,32,31,0.508,35.0,112.9,113.0,-0.2,18.1,0.038,0.231,0.134,10.625,0.282,101.97,110,154,444,288,10,204,308,257,267,318,57,119,46,35,280
1631096,Chet Holmgren,63,50,13,0.794,29.2,117.0,102.0,15.1,10.2,0.075,0.246,0.166,9.369,0.218,101.91,110,6,170,30,103,67,29,18,511,146,42,59,46,143,287
1630163,LaMelo Ball,63,36,27,0.571,27.6,120.7,113.9,6.8,25.3,0.036,0.16,0.098,9.825,0.311,101.35,110,105,373,200,131,22,353,80,107,341,198,250,46,18,336
1626145,Tyus Jones,63,33,30,0.524,14.8,106.0,113.7,-7.7,39.5,0.011,0.069,0.038,5.76,0.105,101.31,110,138,428,270,370,461,342,429,11,528,538,552,46,537,338
203471,Dennis Schröder,63,24,39,0.381,24.7,109.9,114.4,-4.5,28.4,0.019,0.106,0.062,10.422,0.218,101.11,110,226,516,397,186,337,382,359,65,476,413,457,46,143,348
1629028,Deandre Ayton,63,40,23,0.635,27.6,114.9,114.7,0.2,7.6,0.113,0.234,0.175,10.972,0.165,100.9,110,55,312,127,133,132,397,244,544,66,50,49,46,335,362
1630631,Jose Alvarado,63,25,38,0.397,19.8,111.5,109.9,1.6,30.5,0.019,0.113,0.067,9.7,0.166,100.43,110,216,505,384,278,282,162,203,41,473,384,430,46,328,387
1630692,Jordan Goodwin,63,35,28,0.556,22.5,112.9,110.4,2.4,18.6,0.091,0.159,0.122,8.363,0.176,99.18,110,116,391,223,222,204,183,179,247,101,201,160,46,285,451
1642346,Ryan Dunn,63,36,27,0.571,19.6,110.7,108.3,2.4,18.4,0.08,0.156,0.118,10.008,0.14,98.67,110,105,373,200,285,307,107,179,257,133,208,174,46,446,477
1642885,Mohamed Diawara,63,39,24,0.619,9.0,114.2,109.0,5.3,16.0,0.031,0.144,0.089,10.201,0.179,97.86,110,65,331,144,474,153,126,112,333,381,250,287,46,272,509
1630568,Luka Garza,63,42,21,0.667,15.8,117.7,113.8,3.8,13.0,0.155,0.122,0.139,9.481,0.169,97.21,110,44,289,92,354,56,346,149,427,28,341,111,46,316,528
1630172,Patrick Williams,62,22,40,0.355,19.7,104.3,115.4,-11.1,14.5,0.037,0.118,0.076,10.994,0.164,105.26,131,248,523,407,282,488,423,490,384,323,353,366,46,339,61
1641767,Ben Sheppard,62,14,48,0.226,21.3,106.7,115.9,-9.2,19.9,0.033,0.123,0.076,7.337,0.135,104.25,131,356,557,500,247,445,439,458,210,366,335,368,46,465,115
1631230,Dominick Barlow,62,35,27,0.565,24.2,112.2,111.7,0.5,14.5,0.084,0.132,0.107,9.431,0.133,102.13,131,116,373,213,193,240,250,236,388,115,296,214,46,474,268
1642868,Carter Bryant,62,49,13,0.79,10.9,110.3,108.6,1.7,10.6,0.047,0.197,0.123,8.617,0.171,101.84,131,8,170,31,443,322,115,201,504,257,112,158,46,309,294
1642266,Ja'Kobe Walter,62,35,27,0.565,19.2,108.4,111.3,-2.9,14.5,0.041,0.1,0.069,6.79,0.141,101.56,131,116,373,213,292,387,234,318,391,290,438,415,46,440,313
1630611,Gui Santos,62,28,34,0.452,19.7,110.6,110.7,-0.2,20.9,0.059,0.155,0.107,13.52,0.182,100.33,131,186,478,355,279,312,201,257,187,201,210,221,46,256,392
1642461,Spencer Jones,62,39,23,0.629,22.5,116.7,114.2,2.5,13.8,0.061,0.103,0.083,8.254,0.1,99.97,131,65,312,130,221,76,371,177,407,194,431,334,46,546,411
1641730,Noah Clowney,62,16,46,0.258,27.3,108.6,117.2,-8.6,11.6,0.034,0.143,0.087,10.724,0.204,99.81,131,327,550,473,139,381,468,445,470,359,253,301,46,171,420
1630549,Day'Ron Sharpe,62,17,45,0.274,18.7,106.6,112.6,-6.0,21.5,0.166,0.259,0.21,15.73,0.196,98.81,131,316,547,457,298,448,291,396,173,18,34,18,525,202,469
1630314,Brandon Williams,61,21,40,0.344,22.0,110.8,115.8,-5.0,22.5,0.024,0.118,0.072,10.97,0.246,105.33,140,266,523,414,235,301,436,369,153,436,352,397,46,81,59
1630551,Justin Champagnie,61,13,48,0.213,19.4,109.1,119.5,-10.5,13.0,0.116,0.195,0.154,7.366,0.161,103.45,140,370,557,510,287,365,510,481,425,64,120,78,46,348,155
1642843,Cooper Flagg,61,19,42,0.311,33.8,109.1,113.8,-4.7,18.2,0.039,0.169,0.105,9.292,0.261,103.36,140,290,533,434,25,365,346,364,266,312,174,230,46,58,160
1642264,Stephon Castle,61,46,15,0.754,29.6,116.7,107.0,9.6,28.8,0.05,0.128,0.091,12.778,0.25,103.33,140,21,195,43,101,76,81,43,60,236,312,282,46,75,166
1628989,Kevin Huerter,61,34,27,0.557,22.2,113.4,110.7,2.7,19.7,0.026,0.141,0.085,7.813,0.188,103.24,140,126,373,219,229,185,201,172,217,420,267,314,46,231,175
1628983,Shai Gilgeous-Alexander,61,49,12,0.803,33.4,120.4,104.8,15.6,20.5,0.018,0.119,0.072,6.702,0.331,102.74,140,8,158,23,32,23,48,17,198,482,350,398,46,10,215
1628436,Luke Kornet,61,46,15,0.754,21.1,113.7,110.6,3.1,25.8,0.135,0.167,0.151,6.038,0.103,102.72,140,21,195,43,251,177,196,160,99,40,185,83,46,542,217
1630595,Cade Cunningham,61,44,17,0.721,34.4,117.2,107.6,9.6,28.1,0.028,0.15,0.09,10.513,0.304,102.71,140,36,228,60,18,61,95,43,69,398,228,284,46,20,219
1641740,Jaylen Clark,61,36,25,0.59,12.5,114.5,107.3,7.2,12.5,0.069,0.083,0.076,7.357,0.131,102.67,140,105,346,184,415,141,87,73,442,161,515,373,46,482,223
1629029,Luka Dončić,61,41,20,0.672,35.9,117.9,113.9,4.0,21.0,0.021,0.224,0.126,10.074,0.378,101.97,140,48,268,90,4,50,353,145,183,460,62,148,46,1,280
1630178,Tyrese Maxey,61,33,28,0.541,38.3,113.5,111.9,1.6,19.8,0.008,0.114,0.059,7.247,0.298,101.83,140,138,391,252,1,183,264,203,214,535,379,472,46,25,295
1642274,Yves Missi,61,19,42,0.311,19.1,112.0,112.7,-0.8,18.0,0.15,0.17,0.16,11.438,0.125,101.56,140,290,533,434,293,261,295,269,271,30,168,70,46,496,313
1629637,Jaxson Hayes,61,40,21,0.656,17.9,114.9,112.3,2.6,14.7,0.099,0.163,0.131,7.08,0.124,100.72,140,55,289,106,313,132,280,175,377,88,190,130,46,497,368
1628381,John Collins,61,28,33,0.459,27.3,112.9,113.2,-0.3,7.8,0.064,0.152,0.109,10.595,0.188,99.34,140,186,469,347,140,204,319,260,542,178,220,206,46,231,447
1642258,Zaccharie Risacher,60,34,26,0.567,23.2,111.8,112.1,-0.3,10.7,0.048,0.136,0.091,8.156,0.173,106.34,154,126,358,209,206,271,272,260,500,251,280,278,46,300,40
203952,Andrew Wiggins,60,31,29,0.517,30.5,111.7,111.9,-0.1,15.3,0.057,0.113,0.084,8.609,0.2,106.23,154,162,412,278,79,274,264,253,357,210,380,317,46,186,42
1631133,Jabari Walker,60,34,26,0.567,12.4,112.3,111.5,0.8,11.1,0.105,0.183,0.143,8.749,0.147,103.08,154,126,358,209,418,233,242,224,490,79,141,97,46,407,192
1627824,Guerschon Yabusele,60,30,30,0.5,13.8,108.2,114.4,-6.2,14.5,0.06,0.196,0.127,9.595,0.158,102.95,154,169,428,293,388,402,382,404,385,196,115,144,46,366,204
1630541,Moses Moody,60,30,30,0.5,25.7,110.8,109.0,1.8,12.9,0.036,0.104,0.07,7.483,0.181,102.69,154,169,428,293,173,301,126,200,434,343,422,412,46,263,220
202696,Nikola Vučević,60,32,28,0.533,29.0,113.1,114.1,-1.0,18.6,0.077,0.238,0.16,7.319,0.219,102.47,154,154,391,261,108,195,364,279,250,142,45,69,46,139,236
1631255,Karlo Matković,60,24,36,0.4,14.6,109.6,110.1,-0.5,15.3,0.086,0.179,0.133,9.508,0.133,102.43,154,226,495,380,373,348,171,263,356,112,148,124,46,474,241
203110,Draymond Green,60,29,31,0.483,27.4,109.9,112.1,-2.2,33.1,0.032,0.191,0.112,16.995,0.167,102.22,154,180,444,331,136,337,272,305,31,374,126,194,525,322,262
1642844,Dylan Harper,60,46,14,0.767,22.3,115.6,105.9,9.7,25.1,0.035,0.126,0.081,8.94,0.218,102.06,154,21,184,38,225,108,60,41,116,349,321,337,46,143,273
1641710,Anthony Black,60,33,27,0.55,30.7,112.8,111.8,0.9,19.3,0.027,0.115,0.071,10.552,0.223,101.82,154,138,373,235,76,215,259,219,226,415,373,406,46,129,296
1641750,Ryan Kalkbrenner,60,34,26,0.567,21.8,110.1,111.7,-1.6,11.0,0.127,0.154,0.141,13.888,0.119,101.58,154,126,358,209,240,329,250,289,493,51,213,105,46,508,310
1629652,Luguentz Dort,60,46,14,0.767,27.6,115.1,106.3,8.9,11.9,0.035,0.111,0.074,8.069,0.144,101.4,154,21,184,38,132,123,67,49,459,347,395,384,46,423,334
203935,Marcus Smart,60,39,21,0.65,28.7,117.1,109.7,7.3,21.7,0.025,0.085,0.056,11.24,0.154,100.68,154,65,289,113,114,65,152,67,171,424,505,487,46,377,373
1628384,OG Anunoby,60,40,20,0.667,33.2,119.1,109.8,9.2,12.4,0.045,0.128,0.087,10.927,0.2,100.45,154,55,268,92,35,33,157,47,445,274,313,302,46,186,385
1629018,Gary Trent Jr.,60,23,37,0.383,21.1,107.4,119.2,-11.8,13.2,0.006,0.05,0.028,5.764,0.164,100.17,154,236,499,396,250,426,504,501,418,541,550,558,46,339,405
1629611,Terance Mann,60,14,46,0.233,24.4,107.8,116.1,-8.3,28.7,0.051,0.103,0.076,10.307,0.136,99.53,154,356,550,497,191,419,445,438,62,231,429,371,46,461,430
1642920,Kobe Sanders,60,32,28,0.533,20.4,112.9,112.2,0.7,18.6,0.026,0.105,0.066,13.932,0.158,99.44,154,154,391,261,265,204,276,226,249,422,420,434,46,366,437
1642268,Isaiah Collier,59,16,43,0.271,25.7,109.2,122.7,-13.4,35.9,0.015,0.097,0.054,12.564,0.208,104.32,171,327,536,461,171,359,538,518,19,508,454,509,46,163,109
1627783,Pascal Siakam,59,15,44,0.254,33.4,111.0,116.3,-5.3,13.9,0.046,0.171,0.107,8.214,0.298,103.16,171,346,544,478,33,296,450,378,404,263,165,216,46,25,182
1641712,Rayan Rupert,59,28,31,0.475,15.2,103.2,115.4,-12.2,13.6,0.042,0.143,0.091,12.096,0.136,102.39,171,186,444,338,364,502,423,504,410,289,256,283,46,461,249
1630596,Evan Mobley,59,36,23,0.61,32.3,116.6,110.7,5.9,17.4,0.08,0.219,0.15,9.033,0.225,102.03,171,105,312,155,47,81,201,97,292,132,69,86,46,126,276
1629060,Rui Hachimura,59,41,18,0.695,28.5,115.6,113.8,1.7,8.1,0.025,0.104,0.065,6.122,0.147,102.0,171,48,237,76,116,108,346,201,539,427,424,441,46,407,278
1628404,Josh Hart,59,39,20,0.661,30.2,116.5,110.9,5.6,29.4,0.054,0.235,0.143,11.305,0.169,100.72,171,65,268,102,84,86,209,105,52,220,49,99,46,316,368
1642278,Tyler Kolek,59,37,22,0.627,11.8,111.4,106.2,5.2,35.0,0.023,0.124,0.074,11.599,0.179,100.19,171,91,301,134,427,285,66,114,23,441,329,385,46,272,403
1641775,Jordan Walsh,59,39,20,0.661,17.4,119.7,112.7,7.0,13.7,0.087,0.172,0.13,9.965,0.118,95.6,171,65,268,102,324,25,295,77,409,111,164,133,46,510,549
1630166,Deni Avdija,58,30,28,0.517,33.1,114.2,115.6,-1.5,21.9,0.038,0.192,0.113,12.593,0.29,104.44,179,169,391,277,42,153,432,287,168,321,122,189,46,29,99
1642262,Cody Williams,58,15,43,0.259,22.7,110.7,121.0,-10.3,16.1,0.044,0.094,0.069,9.82,0.149,104.28,179,346,536,472,218,307,528,477,330,279,470,419,46,392,113
1628997,Caleb Martin,58,20,38,0.345,14.8,104.3,113.5,-9.1,24.0,0.034,0.141,0.088,11.875,0.126,103.86,179,280,505,413,371,488,334,457,130,356,261,294,46,493,137
203999,Nikola Jokić,58,36,22,0.621,34.8,124.4,114.7,9.8,30.6,0.1,0.311,0.21,10.785,0.297,103.32,179,105,301,143,14,11,397,39,40,85,11,17,46,27,168
1630170,Devin Vassell,58,45,13,0.776,30.5,119.8,107.6,12.2,16.1,0.02,0.112,0.068,5.828,0.182,103.08,179,30,170,33,78,24,95,24,332,468,386,422,46,256,192
1641854,Craig Porter Jr.,58,39,19,0.672,17.6,115.6,110.5,5.1,38.1,0.081,0.13,0.105,11.002,0.124,102.94,179,65,255,88,319,108,189,117,15,126,308,227,46,497,206
1629012,Collin Sexton,58,23,35,0.397,22.8,108.4,113.3,-4.9,19.4,0.025,0.071,0.049,12.034,0.256,102.91,179,236,489,385,217,387,325,367,225,431,535,533,46,71,207
1630162,Anthony Edwards,58,35,23,0.603,35.5,116.9,113.1,3.8,12.3,0.02,0.137,0.08,9.386,0.317,102.68,179,116,312,164,5,69,316,149,451,472,276,345,46,15,221
1642272,Jared McCain,58,39,19,0.672,17.7,114.3,108.6,5.7,13.9,0.022,0.108,0.065,8.192,0.203,102.57,179,65,255,88,318,149,115,102,402,452,403,442,46,173,231
1631119,Jaylin Williams,58,47,11,0.81,20.0,114.1,103.4,10.6,25.3,0.031,0.249,0.145,11.064,0.16,102.35,179,16,153,21,270,159,36,33,110,382,39,94,46,355,254
1641705,Victor Wembanyama,58,45,13,0.776,29.2,119.7,103.3,16.5,11.9,0.079,0.317,0.207,9.991,0.321,102.32,179,30,170,33,104,25,35,14,460,138,10,21,46,12,256
1641772,Nae'Qwan Tomlin,58,38,20,0.655,15.2,113.7,109.6,4.1,12.1,0.088,0.102,0.095,6.308,0.153,102.32,179,84,268,107,363,177,146,143,457,106,434,265,46,379,256
1630534,Ochai Agbaji,58,26,32,0.448,15.5,106.8,109.6,-2.8,12.9,0.053,0.108,0.08,9.083,0.143,99.88,179,207,460,356,359,441,146,314,431,225,404,344,46,428,418
202695,Kawhi Leonard,58,34,24,0.586,32.2,118.6,110.1,8.5,12.8,0.038,0.184,0.113,7.394,0.337,99.02,179,126,331,190,48,40,171,50,435,317,135,186,46,7,459
202685,Jonas Valančiūnas,58,35,23,0.603,13.3,112.8,117.9,-5.1,13.1,0.131,0.275,0.206,12.513,0.259,97.54,179,116,312,164,401,215,480,371,422,48,22,24,46,62,517
1629627,Zion Williamson,57,22,35,0.386,29.8,113.0,114.8,-1.8,14.8,0.075,0.131,0.103,9.302,0.259,103.68,194,248,489,392,91,200,404,294,374,147,304,238,46,62,142
1628370,Malik Monk,57,16,41,0.281,22.3,109.2,117.2,-8.0,19.1,0.013,0.082,0.047,9.067,0.241,102.76,194,327,529,452,226,359,468,433,234,519,516,537,46,86,214
1629731,Dean Wade,57,35,22,0.614,22.4,116.8,109.4,7.4,22.0,0.044,0.16,0.103,4.085,0.101,102.46,194,116,301,153,223,71,140,65,167,276,199,239,1,545,237
1626164,Devin Booker,57,33,24,0.579,33.5,114.0,110.4,3.6,19.1,0.025,0.106,0.065,10.286,0.315,101.88,194,138,331,197,29,164,183,153,236,430,414,443,46,16,288
1630598,Aaron Wiggins,57,44,13,0.772,22.6,113.5,105.8,7.7,14.1,0.032,0.117,0.076,10.968,0.199,101.14,194,36,170,36,219,183,58,62,396,376,359,370,46,193,345
1630311,Pat Spencer,57,28,29,0.491,17.6,110.1,113.5,-3.4,30.4,0.045,0.103,0.073,10.987,0.187,100.94,194,186,412,320,322,329,334,333,43,271,430,390,46,237,358
1629020,Jarred Vanderbilt,57,34,23,0.596,17.6,115.0,114.1,0.9,19.9,0.089,0.218,0.153,13.933,0.121,100.17,194,126,312,178,321,126,364,219,211,103,74,79,46,505,405
1642874,Danny Wolf,57,14,43,0.246,20.8,102.7,112.3,-9.6,18.5,0.052,0.228,0.136,10.611,0.207,98.0,194,356,536,489,257,509,280,464,252,227,59,115,46,166,503
1630579,Jericho Sims,57,22,35,0.386,18.1,108.3,119.4,-11.0,24.2,0.121,0.2,0.161,21.568,0.089,97.95,194,248,489,392,310,396,509,489,128,58,107,68,525,560,507
1642907,Cedric Coward,56,19,37,0.339,26.0,112.2,112.8,-0.6,17.6,0.058,0.184,0.124,10.834,0.208,104.78,203,290,499,419,166,240,299,266,283,203,136,156,46,163,81
203924,Jerami Grant,56,27,29,0.482,29.8,114.4,114.5,-0.1,11.1,0.033,0.096,0.063,10.743,0.236,104.77,203,202,412,332,94,145,387,253,489,368,462,449,46,93,82
1642848,Tre Johnson,56,12,44,0.214,24.1,108.2,118.4,-10.2,13.4,0.022,0.1,0.06,10.284,0.224,104.47,203,380,544,508,195,402,489,474,413,453,443,468,46,127,96
1630171,Isaac Okoro,56,25,31,0.446,26.8,112.1,118.3,-6.1,15.2,0.046,0.064,0.055,7.092,0.139,104.02,203,216,444,358,150,252,486,401,359,261,543,499,46,450,126
1642348,Justin Edwards,56,33,23,0.589,15.9,112.3,117.4,-5.1,18.3,0.03,0.085,0.057,8.207,0.159,103.66,203,138,312,186,352,233,474,371,261,388,508,485,46,359,144
1628418,Thomas Bryant,56,34,22,0.607,11.6,113.1,109.8,3.3,9.4,0.084,0.209,0.145,7.572,0.193,102.99,203,126,301,158,429,195,157,157,526,117,90,93,46,214,201
1629614,Andrew Nembhard,56,12,44,0.214,31.2,108.6,118.2,-9.7,30.4,0.015,0.086,0.049,9.605,0.24,102.9,203,380,544,508,63,381,484,468,44,504,502,530,46,88,208
202699,Tobias Harris,56,39,17,0.696,28.2,114.6,108.5,6.1,16.3,0.035,0.17,0.102,6.526,0.186,102.35,203,65,228,75,121,140,112,93,322,353,170,241,46,240,254
1630194,Paul Reed,56,40,16,0.714,13.3,112.1,104.7,7.4,14.7,0.173,0.197,0.185,11.441,0.203,102.28,203,55,214,63,402,252,47,65,376,13,113,43,46,173,258
1631109,Mark Williams,56,33,23,0.589,23.6,110.8,111.6,-0.8,9.4,0.139,0.231,0.184,9.854,0.172,102.08,203,138,312,186,200,301,247,269,527,37,55,45,46,306,270
1641706,Brandon Miller,56,36,20,0.643,30.1,116.4,110.5,5.9,14.6,0.04,0.144,0.094,11.666,0.285,100.73,203,105,268,121,86,91,189,97,383,298,252,268,46,33,366
1626181,Norman Powell,55,28,27,0.509,30.1,113.3,112.2,1.1,11.3,0.012,0.111,0.061,8.613,0.269,107.16,214,186,373,285,88,189,276,214,483,523,393,462,46,47,27
1630200,Tre Jones,55,25,30,0.455,27.0,112.0,114.5,-2.4,31.7,0.023,0.093,0.058,7.949,0.181,105.54,214,216,428,350,146,261,387,309,37,443,473,478,46,263,53
1642265,Rob Dillingham,55,27,28,0.491,13.5,105.9,111.7,-5.9,23.5,0.022,0.116,0.07,13.276,0.222,105.02,214,202,391,321,396,465,250,393,140,450,366,413,46,132,72
203114,Khris Middleton,55,16,39,0.291,23.6,110.4,120.1,-9.7,20.3,0.04,0.131,0.085,11.729,0.206,104.22,214,327,516,446,201,321,523,468,199,305,300,310,46,167,119
1641707,Taylor Hendricks,55,12,43,0.218,18.9,107.5,118.2,-10.7,11.5,0.063,0.163,0.11,10.459,0.164,103.65,214,380,536,504,297,424,484,484,475,184,189,202,46,339,145
1628963,Marvin Bagley III,55,14,41,0.255,19.8,110.6,118.8,-8.2,14.0,0.134,0.195,0.165,10.376,0.182,103.45,214,356,529,476,276,312,497,435,401,41,119,62,46,256,155
204456,T.J. McConnell,55,14,41,0.255,17.2,109.9,117.2,-7.3,35.0,0.026,0.12,0.072,7.921,0.237,102.68,214,356,529,476,329,337,468,422,24,423,344,394,46,92,221
1630543,Isaiah Jackson,55,20,35,0.364,16.5,112.4,114.3,-1.9,13.2,0.14,0.219,0.179,14.751,0.159,101.95,214,280,489,402,342,232,376,296,417,36,70,47,46,359,283
1630191,Isaiah Stewart,55,39,16,0.709,23.2,111.7,109.7,2.0,11.6,0.081,0.158,0.12,11.053,0.168,101.87,214,65,214,69,208,274,152,191,473,131,202,162,46,319,289
1629048,Goga Bitadze,55,28,27,0.509,15.0,113.2,111.0,2.2,22.1,0.146,0.204,0.175,9.635,0.128,101.75,214,186,373,285,369,192,220,185,164,31,98,50,46,490,299
203083,Andre Drummond,55,28,27,0.509,19.7,108.4,114.3,-5.9,14.0,0.163,0.303,0.229,12.417,0.149,101.13,214,186,373,285,280,387,376,393,398,22,13,7,46,392,346
1642962,Drake Powell,55,13,42,0.236,19.9,100.3,115.6,-15.3,17.9,0.02,0.081,0.049,11.864,0.15,98.99,214,370,533,494,271,530,432,524,274,471,522,529,46,388,462
1629014,Anfernee Simons,55,31,24,0.564,24.9,114.7,113.4,1.3,15.2,0.024,0.089,0.055,7.693,0.234,98.64,214,162,331,215,181,139,332,211,363,433,493,497,46,102,479
1629011,Mitchell Robinson,55,37,18,0.673,19.6,118.4,109.0,9.3,16.2,0.231,0.262,0.245,12.742,0.102,98.6,214,91,237,87,283,44,126,46,325,2,32,5,46,544,480
1641718,Keyonte George,54,16,38,0.296,33.1,113.7,122.0,-8.3,21.5,0.014,0.11,0.061,10.742,0.281,104.57,228,327,505,442,41,177,533,438,174,512,397,463,46,36,93
1629023,P.J. Washington,54,14,40,0.259,31.1,106.6,113.3,-6.7,10.8,0.053,0.184,0.119,9.988,0.202,104.53,228,356,523,470,66,448,325,415,497,226,138,168,46,179,94
203939,Dwight Powell,54,16,38,0.296,13.5,112.2,111.8,0.4,24.0,0.117,0.181,0.15,15.169,0.09,103.26,228,327,505,442,395,240,259,240,131,62,145,88,525,558,172
1642419,Jamison Battle,54,30,24,0.556,9.1,116.1,106.4,9.7,12.1,0.045,0.146,0.098,10.424,0.141,100.58,228,169,331,223,473,96,69,41,456,267,240,252,46,440,376
1641738,Kobe Brown,54,15,39,0.278,14.0,106.6,118.7,-12.2,16.5,0.082,0.139,0.11,13.132,0.159,99.72,228,346,516,454,385,448,495,504,317,122,272,201,46,359,422
1630557,Corey Kispert,53,24,29,0.453,18.9,108.5,114.9,-6.4,16.5,0.025,0.105,0.064,7.688,0.183,104.4,233,226,412,354,296,385,408,409,316,429,419,446,46,254,105
1630188,Jalen Smith,53,26,27,0.491,20.7,116.9,112.8,4.2,11.5,0.097,0.247,0.173,9.415,0.19,103.67,233,207,373,322,259,69,299,140,476,92,41,52,46,221,143
1642877,Micah Peavy,53,16,37,0.302,13.4,109.1,115.0,-5.8,16.1,0.06,0.088,0.074,5.027,0.148,101.95,233,327,499,439,399,365,413,388,329,200,495,387,46,397,283
1630533,Ziaire Williams,53,13,40,0.245,22.8,102.3,111.2,-8.9,9.7,0.026,0.101,0.062,9.888,0.182,101.43,233,370,523,490,213,515,228,453,523,418,436,458,46,256,332
1642869,Noah Penda,53,26,27,0.491,13.6,112.2,115.4,-3.2,19.7,0.101,0.179,0.139,12.534,0.147,100.43,233,207,373,322,393,240,423,327,216,83,150,107,46,407,387
1628386,Jarrett Allen,52,34,18,0.654,27.4,118.4,111.6,6.8,12.8,0.11,0.233,0.174,9.095,0.195,103.35,238,126,237,108,138,44,247,80,438,74,52,51,46,209,161
1627747,Caris LeVert,52,37,15,0.712,19.3,107.3,107.3,0.0,24.1,0.021,0.089,0.055,12.476,0.183,102.4,238,91,195,66,289,431,87,249,129,464,487,501,46,254,245
1642948,Ryan Nembhard,52,18,34,0.346,18.6,110.5,114.3,-3.8,39.0,0.011,0.098,0.056,10.81,0.178,101.44,238,298,478,411,300,315,376,341,13,529,451,492,46,278,331
1628371,Jonathan Isaac,52,29,23,0.558,10.0,106.4,108.3,-1.9,12.6,0.083,0.191,0.134,10.314,0.123,100.7,238,180,312,218,460,455,107,296,441,119,128,121,46,501,371
2544,LeBron James,52,33,19,0.635,33.5,115.0,112.6,2.4,25.0,0.029,0.177,0.105,10.784,0.271,100.39,238,138,255,128,30,126,291,179,117,394,153,225,46,43,389
1642856,Egor Dëmin,52,14,38,0.269,25.2,107.6,115.3,-7.7,23.5,0.017,0.133,0.071,11.675,0.185,100.08,238,356,505,463,180,421,420,429,139,488,294,400,46,242,410
1629008,Michael Porter Jr.,52,14,38,0.269,32.5,110.2,117.8,-7.6,11.8,0.046,0.218,0.128,9.119,0.301,99.96,238,356,505,463,44,325,479,425,465,264,72,142,46,23,412
1641757,Jordan Miller,52,32,20,0.615,21.5,116.1,113.0,3.1,19.3,0.055,0.112,0.085,9.579,0.187,98.57,238,154,268,150,244,96,308,160,227,216,385,312,46,237,482
1629655,Daniel Gafford,51,11,40,0.216,21.9,106.2,113.0,-6.7,11.7,0.121,0.205,0.165,13.212,0.156,103.51,246,395,523,507,236,458,308,415,468,57,95,61,46,374,150
1629057,Robert Williams III,51,25,26,0.49,17.0,109.4,108.9,0.5,15.5,0.157,0.287,0.223,13.147,0.134,103.51,246,216,358,324,334,354,124,236,348,26,16,10,46,469,150
203484,Kentavious Caldwell-Pope,51,20,31,0.392,21.3,109.6,113.9,-4.2,23.1,0.019,0.106,0.062,10.146,0.177,103.48,246,280,444,389,245,348,353,349,144,474,408,459,46,281,152
1630702,Jaden Hardy,51,13,38,0.255,15.4,110.9,115.6,-4.6,8.9,0.022,0.089,0.055,11.098,0.247,103.18,246,370,505,475,361,298,432,360,531,454,491,496,46,78,178
1630529,Herbert Jones,51,22,29,0.431,29.1,112.5,113.3,-0.7,21.5,0.033,0.102,0.066,9.552,0.153,101.81,246,248,412,364,106,227,325,267,175,369,433,431,46,379,297
1631212,Peyton Watson,51,33,18,0.647,30.3,122.8,116.8,6.0,12.4,0.036,0.143,0.093,10.437,0.205,100.31,246,138,237,115,83,14,460,94,447,344,255,271,46,169,395
1641724,Jett Howard,51,26,25,0.51,12.7,113.8,118.4,-4.6,14.5,0.035,0.114,0.073,4.279,0.169,100.2,246,207,346,284,412,173,489,360,390,351,376,392,1,316,401
1631106,Tari Eason,51,30,21,0.588,26.0,113.9,110.5,3.4,11.8,0.088,0.175,0.132,11.018,0.188,99.01,246,169,289,188,165,168,189,155,466,105,157,128,46,231,461
1641731,Bilal Coulibaly,50,14,36,0.28,26.7,108.3,118.5,-10.2,18.0,0.032,0.143,0.086,10.142,0.188,105.15,254,356,495,453,152,396,492,474,270,377,257,306,46,231,65
1630581,Josh Giddey,50,21,29,0.42,32.1,112.3,115.3,-3.0,32.5,0.043,0.226,0.137,12.761,0.247,105.05,254,266,412,371,50,233,420,321,32,284,60,113,46,78,70
1641713,GG Jackson,50,15,35,0.3,21.3,112.5,116.5,-4.0,10.4,0.046,0.179,0.111,11.294,0.23,103.54,254,346,489,440,246,227,453,346,509,262,151,197,46,112,148
1630570,Trendon Watford,50,25,25,0.5,17.0,107.9,114.3,-6.4,26.4,0.049,0.168,0.109,12.679,0.178,103.1,254,216,346,293,333,415,376,409,88,245,178,208,46,278,187
1642349,Ajay Mitchell,50,43,7,0.86,26.1,117.8,102.7,15.0,21.0,0.03,0.11,0.072,8.897,0.222,102.51,254,42,109,11,161,53,33,19,184,385,396,395,46,132,234
1627936,Alex Caruso,50,41,9,0.82,18.5,118.5,100.5,18.0,22.5,0.035,0.127,0.082,9.682,0.161,102.38,254,48,134,19,303,43,20,12,154,350,320,335,46,348,251
1628415,Dillon Brooks,50,30,20,0.6,30.6,112.9,112.9,0.0,7.8,0.027,0.108,0.066,7.871,0.288,102.07,254,169,268,167,77,204,305,249,541,410,401,432,46,31,271
1641765,Olivier-Maxence Prosper,49,15,34,0.306,18.6,110.0,119.5,-9.5,10.6,0.065,0.142,0.103,9.668,0.182,104.88,261,346,478,438,301,334,510,462,506,174,259,234,46,256,78
1627741,Buddy Hield,49,24,25,0.49,16.2,109.0,114.8,-5.8,15.5,0.037,0.12,0.079,10.724,0.196,103.52,261,226,346,325,350,369,404,388,349,322,345,351,46,202,149
1631200,Kris Murray,49,23,26,0.469,23.6,108.3,110.6,-2.3,17.6,0.073,0.097,0.085,10.267,0.108,102.97,261,236,358,342,202,396,196,308,286,152,452,313,46,533,202
1631124,Julian Strawther,49,30,19,0.612,14.6,114.1,113.3,0.7,13.2,0.018,0.127,0.076,8.005,0.191,100.88,261,169,255,154,374,159,325,226,416,483,316,374,46,217,363
1630811,Keaton Wallace,49,28,21,0.571,10.0,103.6,109.6,-6.0,31.6,0.007,0.111,0.058,9.288,0.167,100.54,261,186,289,200,461,500,146,396,39,540,391,479,46,322,379
1642867,Collin Murray-Boyles,49,26,23,0.531,22.2,108.4,109.1,-0.7,20.2,0.116,0.135,0.125,11.806,0.148,99.7,261,207,312,267,228,387,130,267,204,63,288,150,46,397,424
1630182,Josh Green,49,32,17,0.653,16.4,117.3,106.5,10.8,17.2,0.062,0.073,0.068,11.632,0.109,98.88,261,154,228,109,344,59,71,31,297,190,532,426,46,531,466
1630574,Ariel Hukporti,49,32,17,0.653,8.8,108.4,106.0,2.4,19.3,0.114,0.213,0.164,22.523,0.1,98.56,261,154,228,109,475,387,62,179,229,65,83,63,525,546,483
1642849,Nolan Traore,49,11,38,0.224,22.1,107.3,119.0,-11.7,25.3,0.013,0.077,0.043,14.793,0.219,98.52,261,395,505,501,231,431,501,499,109,517,526,540,46,139,485
1642353,Cam Christie,49,24,25,0.49,9.3,109.2,110.0,-0.8,14.9,0.052,0.134,0.096,9.901,0.175,96.08,261,226,346,325,470,359,166,269,371,228,290,259,46,290,544
1631101,Shaedon Sharpe,48,22,26,0.458,30.0,110.0,113.1,-3.2,10.5,0.036,0.12,0.078,11.976,0.3,105.31,271,248,358,348,90,334,316,327,508,340,346,354,46,24,60
1630591,Jalen Suggs,48,28,20,0.583,27.1,112.7,108.1,4.6,26.1,0.026,0.131,0.078,12.694,0.229,105.01,271,186,268,192,143,220,104,130,92,417,305,357,46,115,73
1628991,Jaren Jackson Jr.,48,19,29,0.396,30.3,107.6,109.7,-2.1,9.3,0.031,0.16,0.098,10.601,0.261,104.62,271,290,412,386,82,421,152,302,528,379,200,255,46,58,89
1629004,Svi Mykhailiuk,48,14,34,0.292,23.4,112.9,118.1,-5.2,18.9,0.033,0.082,0.057,8.103,0.142,104.44,271,356,478,445,204,204,482,375,240,373,517,484,46,436,99
1642273,Kyshawn George,48,10,38,0.208,29.0,108.0,119.3,-11.3,22.0,0.031,0.152,0.091,12.838,0.228,103.83,271,402,505,511,109,412,507,493,166,378,222,281,46,118,138
1630208,Nick Richards,48,20,28,0.417,14.6,107.3,116.9,-9.6,5.0,0.121,0.251,0.187,18.412,0.179,103.17,271,280,391,373,376,431,462,464,556,59,37,41,525,272,180
201144,Mike Conley,48,30,18,0.625,18.1,111.9,110.9,1.0,37.6,0.02,0.088,0.054,7.522,0.114,103.05,271,169,237,135,311,266,209,216,16,466,496,513,46,520,195
1630241,Sam Merrill,48,33,15,0.688,26.4,118.9,110.9,8.0,17.9,0.024,0.084,0.054,6.398,0.171,102.43,271,138,195,79,156,34,209,58,273,437,509,506,46,309,241
1631218,Trayce Jackson-Davis,48,25,23,0.521,9.8,105.1,112.7,-7.5,17.9,0.144,0.179,0.161,10.638,0.148,102.38,271,216,312,275,465,478,295,424,275,33,148,67,46,397,251
1629661,Cameron Johnson,48,31,17,0.646,30.4,122.8,114.6,8.3,18.4,0.028,0.105,0.068,6.68,0.146,102.04,271,162,228,118,80,14,391,55,253,399,417,420,46,414,275
1629628,RJ Barrett,48,28,20,0.583,30.0,116.5,113.2,3.3,15.6,0.035,0.166,0.101,7.969,0.257,101.5,271,186,268,192,89,86,319,157,346,345,187,243,46,69,324
1642859,Jase Richardson,48,22,26,0.458,11.3,113.4,113.9,-0.5,20.0,0.041,0.076,0.058,8.902,0.166,100.21,271,248,358,348,431,185,353,263,206,296,530,480,46,328,399
1627826,Ivica Zubac,48,17,31,0.354,30.1,113.0,115.9,-2.9,14.3,0.133,0.265,0.202,11.693,0.189,99.48,271,316,444,408,85,200,439,318,393,42,28,28,46,225,433
1628988,Aaron Holiday,48,30,18,0.625,13.2,112.2,107.5,4.7,15.3,0.014,0.061,0.037,10.534,0.177,99.48,271,169,237,135,403,240,93,126,358,513,546,554,46,281,433
1629026,Kenrich Williams,48,35,13,0.729,15.6,115.8,108.9,6.9,17.6,0.071,0.157,0.115,10.027,0.18,99.36,271,116,170,54,358,105,124,78,285,159,205,184,46,267,445
1642261,Dalton Knecht,48,29,19,0.604,10.6,107.9,113.1,-5.3,7.3,0.03,0.123,0.078,9.141,0.176,99.02,271,180,255,163,447,415,316,378,546,386,334,359,46,285,459
1630192,Zeke Nnaji,48,34,14,0.708,12.0,106.6,113.9,-7.3,11.5,0.064,0.168,0.119,11.998,0.143,98.88,271,126,184,70,422,448,353,422,479,179,179,167,46,428,466
1642857,Kasparas Jakučionis,47,25,22,0.532,17.7,114.3,110.9,3.4,29.2,0.048,0.111,0.078,10.917,0.133,107.23,288,216,301,265,316,149,209,155,56,248,388,355,46,474,26
1631207,Dalen Terry,47,21,26,0.447,11.6,106.8,109.5,-2.7,25.5,0.046,0.115,0.08,10.048,0.146,104.93,288,266,358,357,428,441,142,312,104,259,371,346,46,414,77
1642259,Alex Sarr,47,11,36,0.234,27.3,107.5,118.9,-11.3,13.8,0.082,0.198,0.139,8.83,0.259,104.23,288,395,495,496,141,424,500,493,405,125,109,108,46,62,118
1629723,John Konchar,47,17,30,0.362,18.0,105.6,109.3,-3.6,29.2,0.055,0.161,0.107,10.521,0.088,104.21,288,316,428,405,312,470,134,337,55,215,196,220,46,561,120
1630559,Austin Reaves,47,33,14,0.702,34.7,116.7,112.0,4.7,20.7,0.023,0.131,0.079,10.726,0.267,100.97,288,138,184,72,15,76,269,126,192,442,302,347,46,50,355
1631172,Ousmane Dieng,47,30,17,0.638,16.5,107.3,115.5,-8.2,20.5,0.03,0.139,0.084,10.238,0.172,99.71,288,169,228,123,341,431,430,435,197,391,273,322,46,306,423
1630592,Jalen Wilson,47,8,39,0.17,14.7,104.0,114.2,-10.2,9.8,0.015,0.127,0.067,8.499,0.176,98.18,288,420,516,529,372,494,371,474,520,501,318,428,46,285,500
1630544,Tre Mann,47,26,21,0.553,13.7,105.5,118.5,-12.9,19.2,0.034,0.126,0.078,12.104,0.235,97.81,288,207,289,230,390,472,492,513,231,361,322,356,46,97,510
1642853,Rasheer Fleming,47,25,22,0.532,11.3,113.7,108.8,4.9,5.3,0.111,0.115,0.113,8.24,0.16,96.11,288,216,301,265,432,177,119,123,555,73,369,188,46,355,543
1631107,Nikola Jović,46,23,23,0.5,17.3,109.2,107.4,1.9,19.3,0.033,0.161,0.098,12.562,0.212,108.42,297,236,312,293,327,359,91,196,228,372,197,256,46,156,18
1641774,Tristan Vukcevic,46,8,38,0.174,13.6,105.7,119.2,-13.5,11.6,0.053,0.187,0.12,13.376,0.269,104.24,297,420,505,527,394,467,504,519,471,222,133,164,46,47,116
1631126,Caleb Love,46,22,24,0.478,21.9,108.0,114.3,-6.3,17.7,0.027,0.096,0.062,8.795,0.234,103.26,297,248,331,336,237,412,376,406,281,412,461,461,46,102,172
1631097,Bennedict Mathurin,46,18,28,0.391,31.0,111.2,113.6,-2.4,11.3,0.036,0.162,0.099,10.546,0.256,101.93,297,298,391,390,68,290,339,309,484,342,193,249,46,71,285
1629216,Gabe Vincent,46,31,15,0.674,16.9,118.6,117.2,1.4,21.9,0.021,0.043,0.032,6.599,0.124,101.4,297,162,195,86,335,40,468,207,169,461,552,555,46,497,334
1629013,Landry Shamet,46,30,16,0.652,23.0,115.2,107.7,7.6,14.5,0.019,0.072,0.044,6.059,0.159,99.56,297,169,214,111,210,120,99,63,389,475,534,539,46,359,428
201950,Jrue Holiday,45,23,22,0.511,28.9,114.1,109.9,4.3,27.5,0.05,0.12,0.084,12.105,0.229,104.44,303,236,301,283,112,159,162,136,74,240,347,321,46,115,99
1630174,Aaron Nesmith,45,10,35,0.222,29.7,109.9,116.9,-7.0,12.1,0.038,0.117,0.077,8.875,0.196,104.33,303,402,489,502,97,337,462,418,454,316,360,365,46,202,107
1629631,De'Andre Hunter,45,24,21,0.533,26.1,112.8,114.4,-1.6,12.3,0.027,0.145,0.084,10.289,0.223,104.24,303,226,289,261,162,215,382,289,449,414,242,316,46,129,116
1630264,Anthony Gill,45,6,39,0.133,14.3,108.8,117.1,-8.3,20.9,0.083,0.134,0.108,13.216,0.123,103.89,303,445,516,539,380,374,465,438,186,121,289,212,46,501,134
1628960,Grayson Allen,45,24,21,0.533,29.7,114.1,113.5,0.6,19.8,0.025,0.091,0.056,7.688,0.241,99.25,303,226,289,261,96,159,334,232,215,432,476,489,46,86,450
1631169,Josh Minott,45,22,23,0.489,16.6,112.8,110.7,2.2,14.2,0.068,0.151,0.11,12.911,0.161,98.74,303,248,312,327,339,215,201,185,395,163,226,205,46,348,473
203914,Gary Harris,45,15,30,0.333,13.7,106.8,115.9,-9.2,28.9,0.025,0.085,0.055,11.324,0.082,98.59,303,346,428,421,391,441,439,458,59,426,506,502,46,566,481
1631213,Tyrese Martin,45,11,34,0.244,17.2,105.0,116.3,-11.3,19.1,0.047,0.133,0.087,9.82,0.186,98.47,303,395,478,491,328,480,450,493,233,254,292,300,46,240,490
1629618,Jalen Pickett,45,29,16,0.644,16.4,110.7,112.7,-2.0,30.1,0.028,0.126,0.079,8.681,0.148,97.61,303,180,214,119,348,307,295,301,48,405,324,350,46,397,514
1641722,Jordan Hawkins,44,12,32,0.273,12.2,107.4,117.0,-9.6,11.1,0.03,0.105,0.067,9.844,0.171,101.56,312,380,460,458,420,426,464,464,491,390,421,427,46,309,313
1642878,Tyrese Proctor,44,29,15,0.659,10.2,109.2,112.9,-3.8,19.8,0.016,0.094,0.054,10.089,0.209,101.5,312,180,195,104,457,359,305,341,213,494,471,511,46,159,324
1628975,Jevon Carter,44,20,24,0.455,15.8,111.3,116.0,-4.7,18.7,0.018,0.101,0.059,7.873,0.185,100.83,312,280,331,350,355,288,442,364,245,480,437,474,46,242,364
1630583,Santi Aldama,43,19,24,0.442,27.9,111.8,114.6,-2.8,17.8,0.06,0.192,0.127,7.778,0.199,104.96,315,290,331,362,126,271,391,314,277,195,123,143,46,193,75
1641763,Julian Phillips,43,17,26,0.395,8.5,107.8,110.0,-2.2,6.6,0.067,0.065,0.066,6.585,0.13,104.29,315,316,358,387,482,419,166,305,549,168,541,439,46,485,112
201143,Al Horford,43,22,21,0.512,21.7,112.9,114.3,-1.4,23.6,0.051,0.215,0.129,8.624,0.168,100.92,315,248,289,282,242,204,376,286,136,233,80,136,46,319,360
1629599,Amir Coffey,43,18,25,0.419,10.2,108.1,109.6,-1.5,17.7,0.047,0.089,0.068,4.434,0.114,98.41,315,298,346,372,458,408,146,287,280,256,489,423,1,520,491
1628374,Lauri Markkanen,42,17,25,0.405,34.3,112.1,115.4,-3.3,8.3,0.063,0.151,0.107,5.861,0.277,105.08,319,316,346,379,19,252,423,332,536,186,225,218,46,40,67
1631121,Bryce McGowens,42,14,28,0.333,21.0,114.3,118.0,-3.7,17.3,0.015,0.093,0.054,4.751,0.139,104.31,319,356,391,421,254,149,481,338,294,506,472,507,1,450,110
1629234,Drew Eubanks,42,10,32,0.238,13.1,105.7,117.2,-11.4,8.3,0.078,0.178,0.128,13.039,0.165,102.78,319,402,460,492,404,467,468,496,537,140,152,140,46,335,211
1629632,Coby White,42,24,18,0.571,26.3,117.8,113.4,4.4,19.6,0.013,0.132,0.074,12.119,0.288,102.18,319,226,237,200,159,53,332,134,221,515,298,382,46,31,263
1629001,De'Anthony Melton,42,21,21,0.5,22.9,116.6,109.7,6.9,14.6,0.039,0.124,0.081,11.325,0.263,101.74,319,266,289,293,212,81,152,78,382,307,332,342,46,57,301
1627884,Derrick Jones Jr.,42,22,20,0.524,27.5,116.8,112.1,4.7,13.2,0.049,0.09,0.069,7.353,0.153,100.2,319,248,268,270,135,71,272,126,420,246,484,416,46,379,401
1630560,Cam Thomas,42,12,30,0.286,21.0,110.2,123.2,-12.9,15.1,0.014,0.083,0.048,10.316,0.304,97.53,319,380,428,447,253,325,541,513,367,510,511,535,46,20,518
203994,Jusuf Nurkić,41,14,27,0.341,26.4,107.9,116.5,-8.6,27.8,0.103,0.31,0.207,14.332,0.189,106.46,326,356,373,418,153,415,453,445,71,81,12,22,46,225,37
1631245,Quenton Jackson,41,7,34,0.171,17.0,108.9,112.9,-4.1,22.8,0.037,0.103,0.07,11.278,0.202,105.08,326,432,478,528,332,372,305,348,150,331,428,409,46,179,67
1626162,Kelly Oubre Jr.,41,22,19,0.537,32.4,114.4,113.8,0.6,11.0,0.034,0.131,0.083,9.101,0.185,102.18,326,248,255,255,46,145,346,232,494,357,303,332,46,242,263
1628392,Isaiah Hartenstein,41,33,8,0.805,24.9,116.7,103.5,13.2,28.5,0.145,0.268,0.209,13.857,0.16,101.17,326,138,117,22,182,76,37,20,64,32,25,20,46,355,344
1642949,Yanic Konan Niederhäuser,41,22,19,0.537,10.3,115.8,108.0,7.8,7.4,0.11,0.218,0.166,14.173,0.159,98.75,326,248,255,255,454,105,103,60,545,75,73,58,46,359,472
1642066,Myron Gardner,40,22,18,0.55,9.8,115.5,107.3,8.2,21.8,0.089,0.223,0.151,7.632,0.143,106.28,331,248,237,235,462,113,87,56,170,104,63,84,46,428,41
1642905,Yang Hansen,40,21,19,0.525,7.1,95.6,112.6,-17.0,13.7,0.073,0.149,0.113,18.727,0.201,104.21,331,266,255,269,502,543,291,532,408,151,232,190,525,183,120
1642854,Asa Newell,40,20,20,0.5,11.1,109.9,114.2,-4.2,10.0,0.083,0.115,0.098,10.448,0.167,104.01,331,280,268,293,436,337,371,349,516,118,372,253,46,322,127
1642364,Jamir Watkins,40,10,30,0.25,19.6,108.6,114.5,-5.8,15.7,0.056,0.153,0.104,8.99,0.142,103.14,331,402,428,480,284,381,387,388,342,212,219,232,46,436,183
1631246,Vince Williams Jr.,40,16,24,0.4,20.5,108.8,107.7,1.0,30.2,0.051,0.139,0.097,12.727,0.196,102.61,331,327,331,380,261,374,99,216,46,232,270,258,46,202,227
1631110,Jeremy Sochan,40,28,12,0.7,10.6,107.4,112.8,-5.4,19.0,0.081,0.173,0.125,11.186,0.145,101.57,331,186,158,73,448,426,299,382,237,130,161,154,46,420,311
1642358,AJ Johnson,40,7,33,0.175,8.8,102.9,109.9,-7.0,18.1,0.028,0.116,0.072,12.053,0.193,100.98,331,432,469,526,476,506,162,418,268,403,362,396,46,214,354
203482,Kelly Olynyk,40,31,9,0.775,8.8,105.1,111.7,-6.7,25.8,0.074,0.145,0.11,13.198,0.164,100.82,331,162,134,35,477,478,250,415,97,149,241,203,46,339,365
201939,Stephen Curry,39,23,16,0.59,31.3,116.6,114.6,2.0,16.7,0.015,0.111,0.063,9.79,0.32,105.16,339,236,214,185,60,81,391,191,307,509,392,452,46,13,64
1630695,Micah Potter,39,8,31,0.205,18.6,109.6,114.9,-5.3,15.9,0.066,0.205,0.133,9.27,0.17,104.43,339,420,444,515,302,348,408,378,337,172,93,125,46,314,103
203897,Zach LaVine,39,9,30,0.231,31.4,108.3,119.9,-11.6,11.5,0.007,0.095,0.05,9.58,0.24,101.71,339,414,428,498,59,396,519,498,478,539,464,526,46,88,305
1629162,Jordan McLaughlin,39,33,6,0.846,6.6,102.4,114.4,-12.1,29.0,0.022,0.102,0.061,11.272,0.148,100.99,339,138,92,14,509,513,382,503,58,448,435,466,46,397,352
1641748,Andre Jackson Jr.,39,10,29,0.256,6.6,104.2,109.5,-5.2,26.8,0.082,0.136,0.106,14.169,0.159,98.28,339,402,412,474,508,492,142,375,83,124,282,222,46,359,494
1631123,Jamaree Bouyea,39,19,20,0.487,14.3,106.3,106.1,0.1,22.5,0.029,0.114,0.07,7.293,0.182,96.99,339,290,268,328,378,456,65,247,152,396,375,408,46,256,533
1631250,Pete Nance,39,12,27,0.308,13.1,112.2,114.1,-1.9,16.2,0.045,0.156,0.101,9.696,0.136,96.93,339,380,373,437,406,240,364,296,328,272,207,245,46,461,534
1629636,Darius Garland,38,22,16,0.579,29.8,117.9,114.7,3.2,26.5,0.016,0.069,0.043,11.308,0.268,103.24,346,248,214,197,92,50,397,159,86,493,537,541,46,49,175
1631128,Christian Braun,38,23,15,0.605,31.8,121.8,113.3,8.5,21.1,0.053,0.116,0.086,8.047,0.145,102.45,346,236,195,161,54,19,325,50,181,223,365,308,46,420,238
202710,Jimmy Butler III,38,23,15,0.605,31.1,116.0,109.3,6.7,22.2,0.084,0.115,0.1,7.2,0.234,101.93,346,236,195,161,64,98,134,83,162,116,368,248,46,102,285
1628396,Tony Bradley,38,9,29,0.237,11.0,105.2,117.6,-12.4,12.4,0.13,0.15,0.139,10.499,0.14,101.42,346,414,412,493,440,476,476,507,448,49,229,110,46,446,333
1630322,Lindy Waters III,38,29,9,0.763,7.2,107.6,110.8,-3.2,17.4,0.012,0.097,0.056,6.396,0.144,99.92,346,180,134,41,501,421,208,327,293,522,455,490,46,423,417
1629645,Kevin Porter Jr.,38,18,20,0.474,33.2,110.8,115.5,-4.7,28.8,0.031,0.141,0.087,11.309,0.242,99.74,346,298,268,339,36,301,430,364,61,383,264,299,46,84,421
1642863,Khaman Maluach,38,18,20,0.474,8.0,104.7,105.7,-1.0,5.5,0.113,0.196,0.156,21.249,0.144,97.58,346,298,268,339,489,483,56,279,553,67,116,75,525,423,516
1630256,Jae'Sean Tate,38,26,12,0.684,8.3,106.2,111.2,-5.0,14.7,0.08,0.096,0.088,10.348,0.138,97.46,346,207,158,81,485,458,228,369,378,136,458,293,46,456,521
1642914,Javon Small,37,12,25,0.324,19.9,111.7,114.6,-2.8,29.5,0.044,0.133,0.088,10.681,0.185,105.21,354,380,346,432,274,274,391,314,51,278,291,297,46,242,63
201567,Kevin Love,37,10,27,0.27,16.6,115.6,121.6,-6.0,21.2,0.094,0.291,0.19,9.513,0.166,104.71,354,402,373,462,340,108,532,396,179,94,14,37,46,328,84
1631093,Jaden Ivey,37,23,14,0.622,18.1,108.7,107.5,1.3,17.6,0.041,0.114,0.077,10.631,0.197,103.09,354,236,184,141,309,377,93,211,284,297,378,363,46,198,189
1628467,Maxi Kleber,37,17,20,0.459,10.7,118.9,111.3,7.6,21.0,0.094,0.128,0.112,12.778,0.096,99.09,354,316,268,346,446,34,234,63,182,96,315,193,46,554,454
1631159,Leonard Miller,36,16,20,0.444,12.0,117.2,111.0,6.3,11.6,0.08,0.19,0.139,9.626,0.176,106.6,358,327,268,359,424,61,220,88,474,134,130,109,46,285,36
1642879,Ben Saraf,36,8,28,0.222,19.3,103.7,114.0,-10.3,26.2,0.018,0.091,0.053,17.748,0.2,101.48,358,420,391,502,290,497,362,477,91,479,478,514,525,186,326
1627751,Jakob Poeltl,36,20,16,0.556,25.5,113.9,113.0,0.9,19.0,0.122,0.22,0.171,11.815,0.147,101.31,358,280,214,223,177,168,308,219,238,55,67,54,46,407,338
1630587,Isaiah Livers,36,21,15,0.583,9.6,110.9,108.1,2.8,20.5,0.057,0.13,0.093,11.732,0.098,101.03,358,266,195,192,467,298,104,170,194,208,309,270,46,550,351
203507,Giannis Antetokounmpo,36,17,19,0.472,28.9,118.8,114.1,4.6,18.4,0.108,0.262,0.188,10.787,0.367,100.51,358,316,255,341,113,37,364,130,256,77,31,38,46,2,380
1642382,Branden Carlson,36,28,8,0.778,10.5,115.9,110.5,5.4,11.9,0.068,0.191,0.13,7.366,0.182,100.35,358,186,117,32,451,103,189,108,461,164,127,132,46,256,390
1642928,Dylan Cardwell,36,10,26,0.278,20.5,108.4,112.0,-3.7,20.1,0.169,0.242,0.204,12.546,0.109,99.56,358,402,358,454,260,387,269,338,205,16,43,26,46,531,428
1642964,Brooks Barnhizer,36,27,9,0.75,7.7,104.8,113.2,-8.4,22.9,0.054,0.181,0.12,10.173,0.098,99.47,358,202,134,47,494,482,319,442,147,217,144,166,46,550,435
1642275,Tidjane Salaün,36,18,18,0.5,15.9,112.3,112.4,-0.1,11.9,0.054,0.238,0.15,10.984,0.151,99.04,358,298,237,293,353,233,287,253,463,219,46,89,46,385,456
1629673,Jordan Poole,35,15,20,0.429,24.1,108.2,113.9,-5.7,17.5,0.01,0.077,0.043,9.878,0.242,105.09,367,346,268,366,194,402,353,386,289,532,525,542,46,84,66
1628366,Lonzo Ball,35,19,16,0.543,20.8,110.5,109.8,0.7,36.4,0.037,0.175,0.103,13.932,0.134,105.04,367,290,214,248,258,315,157,226,18,330,156,233,46,469,71
203937,Kyle Anderson,35,12,23,0.343,19.7,108.1,111.2,-3.1,29.8,0.053,0.141,0.097,10.564,0.14,103.41,367,380,312,415,281,408,228,326,50,221,262,257,46,446,158
1642277,Johnny Furphy,35,10,25,0.286,18.4,111.8,114.6,-2.8,17.5,0.055,0.216,0.135,12.372,0.13,101.51,367,402,346,447,306,271,391,314,287,214,79,118,46,485,322
1630175,Cole Anthony,35,12,23,0.343,15.0,105.2,113.5,-8.3,28.2,0.034,0.15,0.091,15.171,0.256,100.96,367,380,312,415,366,476,334,438,68,365,230,275,525,71,356
1630540,Miles McBride,35,22,13,0.629,28.0,120.9,110.1,10.8,19.2,0.023,0.08,0.05,5.534,0.175,99.35,367,248,170,131,125,21,171,31,232,444,523,524,46,290,446
1627827,Dorian Finney-Smith,35,21,14,0.6,16.9,108.3,109.4,-1.1,19.0,0.06,0.106,0.083,12.285,0.105,98.39,367,266,184,167,336,396,140,281,239,198,410,328,46,537,493
1626192,Pat Connaughton,35,21,14,0.6,7.4,99.4,105.1,-5.7,15.2,0.049,0.171,0.109,8.041,0.161,95.33,367,266,184,167,496,531,52,386,360,244,167,209,46,348,550
1630619,Moussa Cisse,34,10,24,0.294,12.5,109.7,108.4,1.4,5.5,0.162,0.24,0.201,17.237,0.133,104.46,375,402,331,444,414,346,109,207,554,23,44,29,525,474,98
1630545,Terrence Shannon Jr.,34,20,14,0.588,11.1,109.1,118.8,-9.7,12.9,0.024,0.086,0.053,11.092,0.157,103.09,375,280,184,188,437,365,497,468,429,439,501,515,46,370,189
203954,Joel Embiid,34,22,12,0.647,31.1,119.7,111.5,8.1,13.9,0.071,0.197,0.134,10.274,0.344,101.72,375,248,158,115,65,25,242,57,403,157,114,120,46,5,303
1642866,Joan Beringer,33,18,15,0.545,6.6,116.8,109.6,7.2,9.0,0.165,0.15,0.157,9.042,0.148,105.56,378,298,195,240,505,71,146,73,530,19,231,73,46,397,51
1642959,Chris Youngblood,33,28,5,0.848,5.6,110.3,107.6,2.6,14.7,0.041,0.113,0.079,2.457,0.171,98.81,378,186,84,13,528,322,95,175,375,293,383,349,1,309,469
1642355,Bronny James,33,18,15,0.545,7.2,111.6,115.1,-3.5,31.9,0.021,0.061,0.042,11.457,0.157,98.5,378,298,195,240,500,278,418,335,34,457,545,546,46,370,487
1641871,Duop Reath,32,16,16,0.5,8.1,102.7,110.9,-8.2,10.7,0.041,0.107,0.075,7.475,0.134,103.88,381,327,214,293,488,509,209,435,501,291,407,377,46,469,136
1642367,Jonathan Mogbo,32,14,18,0.438,6.2,100.9,106.7,-5.8,24.2,0.097,0.21,0.15,14.229,0.115,102.72,381,356,237,363,515,525,76,388,126,91,86,85,46,519,217
203500,Steven Adams,32,21,11,0.656,22.8,114.8,104.9,9.9,18.6,0.225,0.189,0.206,13.585,0.117,99.06,381,266,153,105,215,138,49,35,248,3,131,23,46,514,455
1643007,Taelon Peter,31,4,27,0.129,11.2,101.1,113.0,-11.8,18.9,0.019,0.117,0.067,11.784,0.167,103.47,384,471,373,542,433,522,308,501,243,477,361,429,46,322,153
1630536,Sharife Cooper,31,6,25,0.194,16.4,108.4,120.6,-12.2,25.5,0.03,0.129,0.077,13.539,0.201,102.23,384,445,346,524,346,387,526,504,105,393,310,360,46,183,261
1629021,Moritz Wagner,31,18,13,0.581,12.7,107.2,116.1,-8.8,9.3,0.068,0.236,0.147,6.848,0.243,101.85,384,298,170,196,411,435,445,448,529,165,48,92,46,83,291
203932,Aaron Gordon,31,22,9,0.71,27.5,122.5,111.0,11.5,15.1,0.062,0.171,0.119,6.302,0.227,100.14,384,248,134,68,134,18,220,28,365,192,166,170,46,122,408
1631288,Jamal Cain,31,16,15,0.516,10.1,119.6,113.7,6.0,12.4,0.074,0.119,0.096,7.57,0.172,97.74,384,327,195,279,459,29,342,94,446,150,349,260,46,306,512
1630228,Jonathan Kuminga,30,18,12,0.6,23.1,110.8,107.7,3.1,16.1,0.071,0.222,0.144,13.677,0.235,103.89,389,298,158,167,209,301,99,160,331,158,66,95,46,97,134
1642880,Kam Jones,30,4,26,0.133,15.4,106.7,117.2,-10.5,34.3,0.021,0.083,0.052,11.562,0.142,103.35,389,471,358,539,360,445,468,481,25,456,512,519,46,436,161
1626204,Larry Nance Jr.,30,22,8,0.733,11.9,107.2,110.4,-3.2,19.6,0.072,0.167,0.116,9.785,0.135,103.0,389,248,117,53,425,435,183,327,222,154,182,178,46,465,200
1642269,Devin Carter,30,5,25,0.167,15.8,108.1,118.7,-10.7,20.0,0.049,0.146,0.094,11.334,0.234,101.74,389,458,346,530,356,408,495,484,208,243,239,267,46,102,301
203648,Thanasis Antetokounmpo,30,8,22,0.267,3.7,95.3,95.1,0.2,17.8,0.093,0.205,0.142,15.823,0.162,98.71,389,420,301,467,559,544,11,244,278,97,96,102,525,345,476
1631204,Marcus Sasser,29,21,8,0.724,12.7,116.4,104.6,11.8,25.4,0.02,0.082,0.052,10.768,0.198,102.95,394,266,117,58,410,91,44,26,106,469,519,520,46,197,204
1629684,Grant Williams,29,21,8,0.724,19.2,116.2,105.3,10.9,20.7,0.064,0.148,0.107,11.423,0.137,100.47,394,266,117,58,291,95,53,30,193,179,234,215,46,458,384
1642862,Liam McNeeley,29,11,18,0.379,12.1,111.5,111.1,0.4,16.3,0.037,0.184,0.111,9.186,0.146,98.5,394,395,237,398,421,282,225,240,323,329,137,200,46,414,487
1630532,Franz Wagner,28,16,12,0.571,31.8,113.2,111.1,2.1,15.5,0.052,0.154,0.102,7.344,0.258,104.31,397,327,158,200,53,192,225,189,351,230,212,240,46,67,110
1631114,Jalen Williams,28,20,8,0.714,28.6,116.5,106.6,9.9,23.5,0.027,0.144,0.088,8.3,0.264,102.78,397,280,117,63,115,86,73,35,138,411,248,292,46,56,211
1631103,Malaki Branham,28,7,21,0.25,9.8,104.9,110.4,-5.4,16.0,0.044,0.131,0.085,10.42,0.184,101.63,397,432,289,480,463,481,183,382,336,280,301,311,46,249,309
202331,Paul George,28,17,11,0.607,30.4,116.0,109.5,6.5,18.7,0.02,0.17,0.093,7.893,0.228,100.6,397,316,153,158,81,98,142,85,246,470,169,272,46,118,375
1642352,Keshad Johnson,27,13,14,0.481,7.8,116.0,109.6,6.4,3.7,0.081,0.156,0.115,11.009,0.185,109.81,401,370,184,333,493,98,146,87,557,126,209,181,46,242,13
1629639,Tyler Herro,27,12,15,0.444,30.9,113.0,113.8,-0.8,16.7,0.016,0.145,0.081,8.508,0.261,104.65,401,380,195,359,74,200,346,269,306,496,243,340,46,58,87
1642404,Chaz Lanier,27,23,4,0.852,8.0,111.5,108.8,2.7,16.4,0.036,0.064,0.05,2.182,0.148,102.17,401,236,58,12,490,282,119,172,321,339,542,525,1,397,266
1642950,Lachlan Olbrich,27,7,20,0.259,6.3,104.7,102.3,2.5,26.9,0.1,0.202,0.152,12.642,0.116,100.33,401,432,268,470,514,483,31,177,82,86,100,82,46,517,392
1628502,Nigel Hayes-Davis,27,15,12,0.556,7.2,96.2,114.0,-17.8,11.2,0.067,0.125,0.095,12.747,0.122,98.73,401,346,158,223,499,541,362,535,485,166,325,263,46,504,474
1631104,Blake Wesley,26,16,10,0.615,13.1,104.3,116.0,-11.7,27.9,0.022,0.091,0.055,13.061,0.189,105.71,406,327,146,150,405,488,442,499,70,451,483,500,46,225,47
1626156,D'Angelo Russell,26,9,17,0.346,19.0,107.4,110.3,-2.9,25.3,0.018,0.109,0.066,11.911,0.265,104.67,406,414,228,411,294,426,180,318,111,484,399,440,46,54,86
204001,Kristaps Porziņģis,26,12,14,0.462,23.5,115.0,110.7,4.2,14.5,0.056,0.168,0.113,6.94,0.277,103.74,406,380,184,345,203,126,201,140,387,211,176,187,46,40,140
201145,Jeff Green,26,18,8,0.692,5.3,103.4,116.5,-13.2,8.2,0.04,0.118,0.078,1.631,0.178,96.13,406,298,117,77,531,501,453,517,538,301,356,358,1,278,542
1641733,Nick Smith Jr.,25,12,13,0.48,12.7,112.2,114.9,-2.7,15.1,0.008,0.067,0.038,10.279,0.215,100.19,410,380,170,334,409,240,408,312,364,538,539,553,46,152,403
1642359,Pacôme Dadiet,25,16,9,0.64,3.7,104.0,97.9,6.0,22.9,0.034,0.181,0.11,4.583,0.15,99.57,410,327,134,122,555,494,17,94,146,360,146,204,1,388,427
1630224,Jalen Green,25,13,12,0.52,26.3,110.1,110.4,-0.3,12.9,0.017,0.14,0.076,9.708,0.32,99.34,410,370,158,276,160,329,183,260,433,486,268,375,46,13,447
1631120,JD Davison,25,20,5,0.8,7.3,108.5,108.5,0.0,30.1,0.013,0.124,0.071,7.53,0.158,95.94,410,280,84,24,497,385,112,249,47,519,333,405,46,366,546
1630214,Xavier Tillman,25,18,7,0.72,6.2,106.0,119.5,-13.5,18.4,0.124,0.153,0.138,11.714,0.138,94.96,410,298,109,61,516,461,510,519,254,54,218,112,46,456,552
204060,Joe Ingles,24,12,12,0.5,4.1,109.6,113.3,-3.7,46.6,0.0,0.092,0.051,20.989,0.09,112.94,415,380,158,293,548,348,325,338,3,542,474,523,525,558,9
1631132,Christian Koloko,24,14,10,0.583,13.3,108.2,106.3,2.0,15.4,0.092,0.138,0.116,13.347,0.107,104.43,415,356,146,192,400,402,67,191,352,98,274,179,46,535,103
1641989,Elijah Harkless,24,5,19,0.208,19.9,113.8,113.8,0.0,26.3,0.018,0.087,0.051,9.658,0.166,103.93,415,458,255,511,275,173,346,249,89,481,499,521,46,328,131
1642942,Jahmai Mashack,24,9,15,0.375,18.7,111.7,114.7,-3.0,17.0,0.043,0.091,0.066,12.203,0.146,103.56,415,414,195,399,299,274,397,321,300,282,475,438,46,414,147
1631342,Daeqwon Plowden,24,6,18,0.25,25.7,109.7,122.2,-12.5,10.1,0.041,0.097,0.066,5.828,0.159,101.2,415,445,237,480,172,346,535,509,514,295,453,433,46,359,343
1630679,Ethan Thompson,24,5,19,0.208,17.4,110.2,111.3,-1.1,19.6,0.031,0.09,0.059,8.965,0.15,99.31,415,458,255,511,325,325,234,281,219,384,485,475,46,388,449
1631199,Ron Harper Jr.,24,17,7,0.708,10.3,111.9,111.5,0.4,15.2,0.06,0.111,0.084,5.057,0.145,94.43,415,316,109,70,453,266,242,240,362,197,394,325,46,420,555
1631099,Keegan Murray,23,5,18,0.217,34.5,106.2,115.0,-8.8,9.8,0.045,0.143,0.092,6.985,0.187,102.4,422,458,237,505,17,458,413,448,519,273,254,274,46,237,245
202687,Bismack Biyombo,23,19,4,0.826,5.8,97.9,123.3,-25.4,17.2,0.05,0.19,0.119,24.072,0.083,100.21,422,290,58,18,526,536,544,546,298,241,129,169,525,564,399
1630703,Scoot Henderson,22,13,9,0.591,23.6,112.0,107.6,4.4,20.3,0.027,0.098,0.063,13.626,0.259,104.71,424,370,134,182,199,261,95,134,201,413,447,450,46,62,84
1630526,Jeremiah Robinson-Earl,22,8,14,0.364,16.4,109.4,120.1,-10.7,11.1,0.103,0.214,0.155,8.894,0.135,104.5,424,420,184,402,347,354,523,484,486,82,82,76,46,465,95
1629680,Matisse Thybulle,22,12,10,0.545,14.0,106.3,100.9,5.4,12.7,0.046,0.114,0.078,13.497,0.156,104.28,424,380,146,240,386,456,23,108,439,265,377,352,46,374,113
203926,Doug McDermott,22,5,17,0.227,14.0,105.3,114.2,-8.9,11.7,0.013,0.07,0.04,7.508,0.147,100.94,424,458,228,499,384,474,371,453,469,516,536,548,46,407,358
1630548,Johnny Juzang,21,13,8,0.619,4.2,110.1,111.0,-0.8,11.4,0.063,0.145,0.104,9.52,0.21,108.69,428,370,117,144,547,329,220,269,481,187,245,231,46,157,16
1641715,Cam Whitmore,21,3,18,0.143,16.9,105.8,123.4,-17.5,7.0,0.057,0.117,0.087,8.347,0.236,105.34,428,484,237,534,337,466,545,533,548,208,358,298,46,93,58
1641816,Hunter Tyson,21,15,6,0.714,7.7,101.0,107.3,-6.3,21.3,0.027,0.198,0.117,6.272,0.176,98.22,428,346,92,63,495,524,87,406,177,408,110,176,46,285,497
1631166,Drew Timme,21,13,8,0.619,8.5,114.3,110.2,4.1,20.8,0.062,0.108,0.087,9.081,0.152,98.2,428,370,117,144,481,149,177,143,191,191,405,304,46,382,498
203992,Bogdan Bogdanović,21,6,15,0.286,20.4,107.4,111.9,-4.4,22.3,0.017,0.131,0.076,11.354,0.188,97.33,428,445,195,447,263,426,264,356,159,487,306,367,46,231,524
1629630,Ja Morant,20,7,13,0.35,28.4,108.1,113.2,-5.1,26.6,0.015,0.111,0.062,11.726,0.315,107.62,433,432,170,409,118,408,319,371,85,507,390,460,46,16,25
203076,Anthony Davis,20,10,10,0.5,31.3,108.7,113.0,-4.3,12.0,0.112,0.273,0.195,8.786,0.28,102.59,433,402,146,293,62,377,308,354,458,68,23,33,46,37,229
1641755,Kevin McCullar Jr.,20,11,9,0.55,6.5,102.9,111.7,-8.8,27.5,0.082,0.129,0.106,17.341,0.171,99.93,433,395,134,235,511,506,250,448,76,123,310,223,525,309,415
1642876,Adou Thiero,20,11,9,0.55,5.3,113.4,118.3,-4.9,15.7,0.08,0.153,0.116,13.062,0.135,98.4,433,395,134,235,530,185,486,367,345,137,217,180,46,465,492
1641747,DaRon Holmes II,20,12,8,0.6,9.8,108.3,112.5,-4.2,18.2,0.037,0.121,0.083,12.523,0.173,94.65,433,380,117,167,464,396,289,349,265,326,343,329,46,300,553
1631451,Javonte Cooke,19,6,13,0.316,4.9,76.1,104.2,-28.1,12.1,0.038,0.185,0.103,15.549,0.219,105.41,438,445,170,433,535,564,41,551,455,313,134,237,525,139,56
1626166,Cameron Payne,19,10,9,0.526,18.4,103.7,112.6,-9.0,25.6,0.009,0.106,0.057,5.027,0.192,104.94,438,402,134,268,304,497,291,456,103,534,409,486,46,216,76
1627734,Domantas Sabonis,19,3,16,0.158,29.7,108.8,123.2,-14.4,20.3,0.122,0.319,0.215,13.285,0.227,103.33,438,484,214,533,99,374,541,523,202,56,8,15,46,122,166
1641790,PJ Hall,19,7,12,0.368,11.2,108.2,114.1,-5.9,10.2,0.168,0.202,0.186,16.367,0.174,101.68,438,432,158,401,434,402,364,393,512,17,102,42,525,295,307
1630604,E.J. Liddell,19,2,17,0.105,9.1,106.0,114.9,-8.9,18.5,0.04,0.192,0.115,9.972,0.143,101.54,438,504,228,548,472,461,408,453,251,299,124,182,46,428,316
1642873,Amari Williams,19,13,6,0.684,6.3,92.4,109.3,-16.8,20.9,0.065,0.195,0.129,20.899,0.107,99.04,438,370,92,81,513,548,134,531,185,173,118,137,525,535,456
202066,Garrett Temple,19,8,11,0.421,3.4,96.8,101.9,-5.1,25.0,0.02,0.135,0.078,21.902,0.173,98.89,438,420,153,370,563,538,28,371,118,467,286,353,525,300,465
1626172,Kevon Looney,18,2,16,0.111,13.9,103.7,113.5,-9.8,28.2,0.163,0.226,0.194,9.038,0.105,101.86,445,504,214,545,387,497,334,473,67,21,61,34,46,537,290
1631131,Oscar Tshiebwe,18,2,16,0.111,14.3,115.3,119.5,-4.2,16.8,0.175,0.201,0.187,8.402,0.139,101.54,445,504,214,545,379,116,510,349,305,10,103,40,46,450,316
1642502,Malevy Leons,18,5,13,0.278,9.2,110.5,119.0,-8.5,15.7,0.136,0.115,0.126,9.446,0.131,100.27,445,458,170,454,471,315,501,444,341,38,374,146,46,482,397
203486,Mason Plumlee,18,9,9,0.5,8.3,118.1,119.6,-1.6,38.6,0.133,0.26,0.199,22.376,0.085,100.1,445,414,134,293,484,47,516,289,14,42,33,30,525,563,409
1630623,Tyson Etienne,17,2,15,0.118,11.1,110.2,113.2,-3.0,16.8,0.012,0.067,0.038,8.408,0.204,102.14,449,504,195,544,438,325,319,321,304,524,540,551,46,171,267
1627752,Taurean Prince,17,7,10,0.412,20.3,115.3,114.9,0.5,13.2,0.01,0.116,0.064,8.251,0.133,102.05,449,432,146,375,267,116,408,236,419,531,364,448,46,474,274
1642354,KJ Simpson,17,7,10,0.412,14.5,108.9,113.3,-4.4,25.2,0.039,0.118,0.08,14.042,0.22,99.83,449,432,146,375,377,372,325,356,115,308,355,343,46,137,419
1642484,RayJ Dennis,16,3,13,0.188,11.2,94.6,107.2,-12.6,24.6,0.038,0.091,0.061,12.299,0.203,103.94,452,484,170,525,435,545,85,512,122,319,478,465,46,173,129
1630167,Obi Toppin,16,1,15,0.063,17.3,111.9,119.7,-7.8,18.9,0.036,0.231,0.135,10.785,0.235,102.62,452,525,195,550,326,266,518,431,242,332,54,117,46,97,225
1631216,Caleb Houstan,16,10,6,0.625,4.3,96.3,102.4,-6.1,9.9,0.065,0.05,0.057,13.193,0.177,101.07,452,402,92,135,544,540,32,401,518,176,549,483,46,281,350
101108,Chris Paul,16,4,12,0.25,14.2,100.4,116.2,-15.8,42.1,0.028,0.116,0.069,12.711,0.141,98.28,452,471,158,480,383,529,448,527,7,400,367,414,46,440,494
1642918,Alijah Martin,16,6,10,0.375,6.4,106.5,108.4,-1.9,15.1,0.06,0.104,0.079,7.541,0.191,94.5,452,445,146,399,512,454,109,296,366,199,423,348,46,217,554
1629027,Trae Young,15,2,13,0.133,25.6,115.2,124.7,-9.5,31.7,0.011,0.076,0.042,10.299,0.271,108.29,457,504,170,539,174,120,551,462,38,526,529,545,46,43,19
1629726,Garrison Mathews,15,4,11,0.267,13.1,108.6,109.8,-1.2,13.3,0.011,0.089,0.048,3.994,0.141,102.43,457,471,153,467,407,381,157,284,415,527,490,536,1,440,241
1630165,Killian Hayes,15,7,8,0.467,16.4,111.2,107.2,4.0,31.9,0.008,0.141,0.075,9.778,0.179,101.45,457,432,117,343,345,290,85,145,33,537,266,379,46,272,329
1629660,Ty Jerome,15,3,12,0.2,22.6,119.5,125.8,-6.3,24.2,0.039,0.107,0.074,7.678,0.342,101.3,457,484,158,516,220,30,554,406,127,310,406,388,46,6,341
1642939,Miles Kelly,14,7,7,0.5,9.6,101.7,107.0,-5.3,19.2,0.036,0.141,0.088,9.609,0.151,105.64,461,432,109,293,468,517,81,378,230,338,265,295,46,385,50
1630639,A.J. Lawson,14,6,8,0.429,7.9,103.0,118.5,-15.4,5.8,0.063,0.198,0.12,7.698,0.194,96.02,461,445,117,366,491,504,492,525,552,182,110,165,46,210,545
200768,Kyle Lowry,13,8,5,0.615,8.7,100.5,114.1,-13.6,29.2,0.0,0.08,0.04,10.627,0.097,104.59,463,420,84,150,479,527,364,521,54,542,524,549,46,552,92
1643018,LJ Cryer,13,5,8,0.385,14.3,112.1,104.9,7.3,9.5,0.025,0.125,0.074,9.546,0.199,97.98,463,458,117,395,381,252,49,67,525,425,325,383,46,193,504
1631247,Luke Travers,12,6,6,0.5,8.6,98.8,108.5,-9.7,17.3,0.077,0.161,0.114,5.774,0.168,105.92,465,445,92,293,480,532,112,468,295,143,195,185,46,319,44
1641752,Bobi Klintman,12,8,4,0.667,5.9,98.4,95.5,2.8,14.9,0.062,0.209,0.128,14.881,0.196,104.44,465,420,58,92,523,534,13,170,370,193,88,138,46,202,99
1627749,Dejounte Murray,12,5,7,0.417,27.8,117.1,111.7,5.4,26.4,0.01,0.21,0.109,13.876,0.278,101.53,465,458,109,373,127,65,250,108,87,530,85,207,46,39,318
1642384,Isaiah Crawford,12,6,6,0.5,6.0,96.2,102.2,-6.0,16.8,0.029,0.121,0.074,8.418,0.118,96.14,465,445,92,293,522,541,30,396,303,397,342,389,46,510,541
1642443,Jahmir Young,11,8,3,0.727,4.6,109.0,124.5,-15.5,18.8,0.038,0.041,0.04,9.41,0.196,108.27,469,420,51,56,541,369,550,526,244,313,553,550,46,202,20
1642357,David Jones Garcia,11,7,4,0.636,6.2,124.1,103.6,20.6,35.5,0.063,0.17,0.112,9.874,0.189,107.12,469,432,58,124,519,13,38,10,21,181,171,192,46,225,28
1642530,Yuki Kawamura,11,4,7,0.364,11.0,110.1,114.1,-4.0,44.0,0.052,0.144,0.101,15.127,0.136,106.92,469,471,109,402,439,329,364,346,4,229,246,244,525,461,30
1630699,MarJon Beauchamp,11,5,6,0.455,17.0,107.1,112.5,-5.4,13.0,0.034,0.142,0.088,12.095,0.209,104.64,469,458,92,350,331,437,289,382,426,358,258,289,46,159,88
201599,DeAndre Jordan,11,6,5,0.545,16.3,109.3,108.4,0.9,20.5,0.136,0.266,0.204,16.791,0.099,101.98,469,445,84,240,349,357,109,219,195,39,27,27,525,548,279
1641744,Zach Edey,11,7,4,0.636,25.8,111.6,95.8,15.8,8.0,0.175,0.266,0.225,17.324,0.203,101.57,469,432,58,124,170,278,15,16,540,10,26,9,525,173,311
1641780,Johni Broome,11,5,6,0.455,5.0,88.2,107.4,-19.2,11.9,0.127,0.205,0.162,8.918,0.232,101.45,469,458,92,350,534,556,91,537,462,52,97,65,46,109,329
1641723,Kobe Bufkin,11,7,4,0.636,8.2,102.4,122.0,-19.6,9.9,0.013,0.1,0.056,7.918,0.226,101.13,469,432,58,124,487,513,533,538,517,521,439,488,46,125,346
1641998,Trey Jemison III,11,9,2,0.818,5.5,100.5,113.0,-12.5,18.2,0.131,0.14,0.136,36.496,0.093,100.66,469,414,35,20,529,527,308,509,264,47,268,116,570,557,374
1642396,Blake Hinson,11,3,8,0.273,19.4,112.6,110.5,2.2,9.6,0.041,0.081,0.061,2.144,0.166,100.15,469,484,117,458,286,222,189,185,524,292,521,464,1,328,407
1630590,Scotty Pippen Jr.,10,2,8,0.2,21.2,108.2,115.8,-7.6,26.1,0.039,0.073,0.055,14.99,0.265,105.53,479,504,117,516,248,402,436,425,93,311,533,498,46,54,54
1628380,Zach Collins,10,6,4,0.6,18.4,116.6,110.7,5.9,15.3,0.096,0.233,0.165,10.225,0.188,103.94,479,445,58,167,305,81,201,97,355,93,53,60,46,231,129
1643052,Chaney Johnson,10,1,9,0.1,20.9,109.9,116.0,-6.2,23.9,0.109,0.152,0.13,12.928,0.161,102.4,479,525,134,549,255,337,442,404,132,76,223,134,46,348,245
1631466,Nate Williams,10,2,8,0.2,13.4,112.2,122.7,-10.5,12.9,0.087,0.05,0.071,11.474,0.191,100.5,479,504,117,516,397,240,538,481,430,108,551,402,46,217,381
1628369,Jayson Tatum,10,8,2,0.8,31.0,113.2,105.9,7.3,15.0,0.023,0.288,0.157,8.664,0.296,99.93,479,420,35,24,69,192,60,67,368,440,15,71,46,28,415
1642449,Tolu Smith,10,8,2,0.8,9.7,104.3,107.7,-3.4,17.1,0.181,0.253,0.217,12.788,0.173,97.89,479,420,35,24,466,488,99,333,299,8,35,14,46,300,508
1631102,TyTy Washington Jr.,10,6,4,0.6,6.6,104.5,134.1,-29.7,40.0,0.021,0.036,0.029,8.571,0.155,92.24,479,445,58,167,510,486,558,553,9,457,556,557,46,376,566
1631174,Tyler Burton,9,1,8,0.111,25.5,103.2,123.6,-20.4,7.7,0.035,0.152,0.089,8.681,0.175,104.04,486,525,117,545,176,502,546,540,543,352,221,288,46,290,124
1631116,Patrick Baldwin Jr.,9,3,6,0.333,11.4,102.7,115.6,-12.9,12.5,0.107,0.133,0.118,12.475,0.148,99.65,486,484,92,421,430,509,432,513,443,78,295,171,46,397,425
1628449,Chris Boucher,9,4,5,0.444,10.5,114.2,106.9,7.3,9.8,0.023,0.182,0.103,3.251,0.13,98.52,486,471,84,359,452,153,79,67,522,446,142,236,1,485,485
1641810,Antonio Reeves,9,3,6,0.333,7.3,114.9,101.7,13.1,8.7,0.037,0.115,0.075,4.348,0.141,92.06,486,484,92,421,498,132,27,21,533,326,370,376,1,440,567
1630610,DeJon Jarreau,8,1,7,0.125,19.8,101.7,121.3,-19.6,24.8,0.063,0.216,0.133,15.619,0.219,102.18,490,525,109,543,277,517,531,538,119,187,78,126,525,139,263
1643141,Jahmyl Telfort,8,2,6,0.25,4.0,102.3,104.4,-2.1,12.9,0.0,0.103,0.051,12.887,0.097,96.35,490,504,92,480,550,515,42,302,432,542,427,522,46,552,539
1641726,Dereck Lively II,7,3,4,0.429,16.5,107.0,101.5,5.5,28.6,0.132,0.211,0.172,22.026,0.113,108.26,492,484,58,366,343,438,25,107,63,44,84,53,525,522,21
1643016,Bez Mbeng,7,1,6,0.143,34.5,101.1,119.5,-18.4,35.5,0.042,0.085,0.062,13.931,0.086,105.92,492,525,92,534,16,522,510,536,22,288,507,456,46,562,44
1642282,Hunter Sallis,7,3,4,0.429,3.7,89.0,115.4,-26.3,26.9,0.0,0.04,0.019,33.602,0.175,105.41,492,484,58,366,557,554,423,547,81,542,554,561,563,290,56
1641778,Leaky Black,7,1,6,0.143,30.9,113.1,114.8,-1.6,16.5,0.034,0.156,0.093,9.004,0.105,104.18,492,525,92,534,72,195,404,289,315,363,206,273,46,537,122
1641869,Malachi Smith,7,0,7,0.0,19.3,108.0,111.8,-3.8,26.2,0.042,0.118,0.076,13.872,0.152,102.59,492,551,109,551,288,412,259,341,90,286,354,372,46,382,229
201959,Taj Gibson,7,1,6,0.143,9.3,101.6,109.2,-7.6,15.6,0.09,0.148,0.117,3.9,0.137,102.01,492,525,92,534,469,520,131,425,347,102,235,175,1,458,277
1641813,Mark Sears,7,1,6,0.143,3.7,135.2,104.6,30.6,8.9,0.056,0.056,0.056,17.762,0.366,97.1,492,525,92,534,556,3,44,6,532,213,547,495,525,3,530
1642434,Riley Minix,6,5,1,0.833,3.9,124.2,121.1,3.1,22.2,0.1,0.167,0.132,11.111,0.215,114.23,499,458,11,15,552,12,530,160,160,86,182,129,46,152,6
1628420,Monte Morris,6,0,6,0.0,10.8,85.5,101.3,-15.8,27.5,0.014,0.095,0.052,6.105,0.149,106.79,499,551,92,551,444,557,24,527,75,511,463,516,46,392,32
1630209,Omer Yurtseven,6,2,4,0.333,10.5,103.0,106.0,-3.0,12.8,0.212,0.136,0.177,19.182,0.174,106.06,499,504,58,421,449,504,62,321,437,5,279,48,525,295,43
1629622,Max Strus,6,5,1,0.833,23.9,124.5,115.3,9.2,17.5,0.063,0.217,0.144,7.284,0.165,103.26,499,458,11,15,197,10,420,47,288,187,76,96,46,335,172
201569,Eric Gordon,6,3,3,0.5,12.3,102.8,119.3,-16.5,10.8,0.016,0.016,0.016,10.76,0.143,102.73,499,484,51,293,419,508,507,530,496,498,558,562,46,428,216
1642882,Julian Reese,6,1,5,0.167,29.7,114.5,124.2,-9.6,11.7,0.164,0.276,0.22,19.562,0.16,101.68,499,525,84,530,95,141,548,464,467,20,21,12,525,355,307
203078,Bradley Beal,6,2,4,0.333,20.2,116.7,126.0,-9.3,14.2,0.02,0.028,0.024,12.762,0.222,99.64,499,504,58,421,268,76,555,460,394,465,557,560,46,132,426
1642403,Isaac Jones,6,4,2,0.667,4.4,79.5,114.5,-35.0,12.7,0.087,0.13,0.109,0.0,0.118,99.4,499,471,35,92,543,562,387,556,440,108,307,210,1,510,440
1643024,Chris Mañon,6,2,4,0.333,4.2,98.8,93.8,5.0,20.5,0.048,0.217,0.136,20.492,0.065,99.39,499,504,58,421,546,532,9,119,196,252,75,114,525,570,441
1641809,Drew Peterson,6,1,5,0.167,10.7,101.4,110.1,-8.7,10.6,0.048,0.128,0.083,0.0,0.111,98.87,499,525,84,530,445,521,171,447,505,247,314,333,1,529,468
1641771,Jalen Slawson,6,0,6,0.0,22.1,119.7,119.5,0.2,27.6,0.036,0.144,0.095,8.627,0.141,97.78,499,551,92,551,233,25,510,244,73,336,249,266,46,440,511
1641794,Dillon Jones,6,5,1,0.833,4.5,125.3,109.3,16.0,34.0,0.087,0.154,0.122,0.0,0.119,97.52,499,458,11,15,542,8,134,15,26,108,215,159,1,508,519
1642917,Max Shulga,6,4,2,0.667,1.7,91.1,100.8,-9.7,29.1,0.111,0.0,0.063,14.535,0.197,97.13,499,471,35,92,570,552,21,468,57,70,559,453,46,198,529
1642938,Curtis Jones,6,4,2,0.667,5.1,111.4,103.6,7.8,16.7,0.038,0.098,0.075,5.556,0.224,97.07,499,471,35,92,532,285,38,60,308,313,449,380,46,127,531
1642886,Koby Brea,6,2,4,0.333,4.6,94.4,110.6,-16.2,18.9,0.0,0.077,0.043,0.0,0.201,97.06,499,504,58,421,540,546,196,529,241,542,527,543,1,183,532
1629312,Haywood Highsmith,6,3,3,0.5,13.4,116.3,110.6,5.7,23.6,0.085,0.119,0.1,0.0,0.126,94.29,499,484,51,293,398,93,196,102,134,114,351,246,1,493,556
1642400,Tristan Enaruna,6,6,0,1.0,5.7,102.5,95.2,7.3,14.0,0.156,0.148,0.153,9.328,0.23,93.76,499,445,1,1,527,512,12,67,397,27,233,81,46,112,562
1642884,Vladislav Goldin,5,3,2,0.6,2.8,83.7,139.6,-55.9,33.3,0.071,0.231,0.148,16.667,0.099,108.6,516,484,35,167,567,558,562,564,28,155,56,90,525,548,17
1631127,Harrison Ingram,5,4,1,0.8,3.5,106.8,131.1,-24.4,16.7,0.2,0.0,0.13,0.0,0.104,107.72,516,471,11,24,560,441,556,545,308,6,559,131,1,541,24
1642967,John Poulakidas,5,1,4,0.2,13.6,105.6,110.0,-4.4,11.1,0.015,0.152,0.084,7.407,0.15,105.52,516,525,58,516,392,470,166,356,488,503,223,324,46,388,55
1629646,Charles Bassey,5,1,4,0.2,7.8,105.3,116.7,-11.4,12.3,0.16,0.321,0.218,6.127,0.142,104.85,516,525,58,516,492,474,459,496,453,24,7,13,46,436,80
1643158,Andersson Garcia,5,1,4,0.2,33.8,105.7,116.2,-10.4,25.9,0.098,0.172,0.132,12.973,0.096,103.45,516,525,58,516,26,467,448,479,95,89,163,127,46,554,155
1641801,Emanuel Miller,5,0,5,0.0,6.6,90.2,122.6,-32.4,22.4,0.031,0.087,0.055,0.0,0.18,100.71,516,551,84,551,507,553,537,554,155,379,497,505,1,267,370
1631117,Walker Kessler,5,2,3,0.4,30.8,118.2,112.8,5.4,19.5,0.174,0.205,0.191,20.833,0.17,98.79,516,504,51,380,75,46,299,108,223,12,94,35,525,314,471
1631111,Wendell Moore Jr.,5,4,1,0.8,10.9,134.2,95.7,38.4,25.3,0.028,0.1,0.07,8.418,0.074,98.5,516,471,11,24,442,4,14,5,112,404,439,410,46,569,487
203967,Dario Saric,5,1,4,0.2,8.2,106.6,105.6,1.0,18.4,0.037,0.122,0.088,18.382,0.103,97.61,516,525,58,516,486,448,55,216,257,326,340,290,525,542,514
1641787,Tosan Evbuomwan,5,4,1,0.8,1.5,61.0,102.9,-41.9,0.0,0.111,0.1,0.105,0.0,0.056,97.33,516,471,11,24,571,568,34,560,558,70,439,224,1,571,524
1642260,Nikola Topić,5,3,2,0.6,10.5,97.5,97.1,0.5,27.0,0.045,0.118,0.084,29.73,0.236,96.18,516,484,35,167,450,537,16,236,79,267,356,319,563,93,540
1641725,Trey Alexander,5,1,4,0.2,8.3,121.7,118.8,2.9,33.3,0.0,0.098,0.055,6.667,0.111,95.92,516,525,58,516,483,20,497,166,28,542,449,502,46,529,547
1631210,Jacob Toppin,5,3,2,0.6,3.4,115.3,72.9,42.4,14.3,0.0,0.091,0.042,0.0,0.158,95.68,516,484,35,167,562,116,3,4,392,542,478,546,1,366,548
1630625,Dalano Banton,5,3,2,0.6,5.0,112.2,135.6,-23.5,25.2,0.048,0.0,0.024,12.594,0.208,93.94,516,484,35,167,533,240,559,543,114,252,559,559,46,163,560
1631211,Trevor Keels,4,4,0,1.0,1.2,15.4,106.5,-91.1,0.0,0.0,0.25,0.125,0.0,0.25,133.64,530,471,1,1,572,572,71,569,558,542,38,150,1,75,1
1641890,Tyler Smith,4,0,4,0.0,6.2,104.1,115.2,-11.1,0.0,0.0,0.125,0.063,14.409,0.236,109.35,530,551,58,551,518,493,419,490,558,542,325,453,46,93,15
1628998,Cody Martin,4,0,4,0.0,13.8,77.7,98.2,-20.5,10.7,0.016,0.206,0.111,21.459,0.121,106.68,530,551,58,551,389,563,18,541,498,497,91,195,525,505,34
1630644,Mac McClung,4,0,4,0.0,11.8,96.5,123.2,-26.7,6.3,0.0,0.132,0.052,9.446,0.235,105.65,530,551,58,551,426,539,541,549,550,542,299,518,46,97,49
1630164,James Wiseman,4,0,4,0.0,14.6,92.9,101.6,-8.8,15.9,0.085,0.063,0.075,26.483,0.116,103.47,530,551,58,551,375,547,26,448,339,113,544,378,563,517,153
1631214,Alondes Williams,4,2,2,0.5,25.2,125.0,107.1,17.8,25.8,0.059,0.22,0.142,10.748,0.149,102.45,530,504,35,293,179,9,84,13,98,202,68,103,46,392,238
203552,Seth Curry,4,0,4,0.0,12.8,115.4,116.6,-1.2,27.6,0.058,0.088,0.07,0.0,0.148,101.52,530,551,58,551,408,114,457,284,72,205,494,410,1,397,320
1641761,Grant Nelson,4,0,4,0.0,8.8,111.2,123.7,-12.5,22.3,0.04,0.2,0.12,17.857,0.232,97.51,530,551,58,551,478,290,547,509,157,301,104,163,525,109,520
1642911,Rocco Zikarsky,4,0,4,0.0,4.1,114.4,122.3,-7.9,0.0,0.222,0.167,0.185,0.0,0.139,97.42,530,551,58,551,549,145,536,432,558,4,182,44,1,450,523
1628964,Mo Bamba,4,3,1,0.75,11.0,104.7,112.3,-7.6,7.1,0.233,0.286,0.259,14.286,0.128,97.32,530,484,11,47,441,483,280,425,547,1,17,2,46,490,526
1642951,Sean Pedulla,4,3,1,0.75,5.8,98.0,124.4,-26.3,23.5,0.0,0.111,0.047,0.0,0.261,94.27,530,484,11,47,524,535,549,547,137,542,388,538,1,58,557
1631115,Orlando Robinson,4,2,2,0.5,6.2,118.9,152.0,-33.1,37.5,0.077,0.125,0.095,0.0,0.083,94.0,530,504,35,293,517,34,564,555,17,143,325,261,1,564,558
1642368,N'Faly Dante,4,3,1,0.75,3.9,112.6,91.5,21.1,0.0,0.188,0.286,0.233,18.382,0.14,93.97,530,484,11,47,553,222,8,9,558,7,17,6,525,446,559
1631205,Buddy Boeheim,4,2,2,0.5,3.8,88.5,75.3,13.1,0.0,0.0,0.0,0.0,0.0,0.174,93.42,530,504,35,293,554,555,4,21,558,542,559,563,1,295,564
1631113,Kennedy Chandler,3,0,3,0.0,33.5,107.9,125.6,-17.7,30.2,0.0,0.138,0.063,5.757,0.191,110.92,544,551,51,551,31,415,552,534,45,542,275,453,46,217,12
1642955,Kadary Richmond,3,2,1,0.667,22.3,112.5,106.0,6.5,29.3,0.017,0.158,0.086,7.321,0.121,108.24,544,504,11,92,227,227,62,85,53,489,202,305,46,505,22
1641753,Chris Livingston,3,2,1,0.667,5.8,113.3,93.9,19.4,11.8,0.0,0.176,0.107,0.0,0.2,98.28,544,504,11,92,525,189,10,11,464,542,154,217,1,186,494
1642933,Keshon Gilbert,3,0,3,0.0,16.1,92.4,136.9,-44.5,20.3,0.043,0.086,0.061,40.65,0.112,98.19,544,551,51,551,351,548,560,561,200,285,504,467,570,523,499
1627746,Skal Labissiere,3,2,1,0.667,12.5,111.6,110.0,1.6,21.4,0.081,0.162,0.122,7.143,0.123,96.89,544,504,11,92,413,278,166,203,176,129,194,161,46,501,535
1641815,Isaiah Stevens,3,0,3,0.0,14.3,117.2,125.6,-8.4,48.2,0.045,0.037,0.042,9.634,0.112,93.77,544,551,51,551,382,61,552,442,2,267,555,544,46,523,561
1642910,John Tonje,3,3,0,1.0,3.7,101.7,138.6,-37.0,25.8,0.0,0.222,0.118,0.0,0.112,91.56,544,484,1,1,558,517,561,558,100,542,65,173,1,523,568
1641807,Norchad Omier,3,3,0,1.0,4.7,112.6,170.2,-57.6,16.7,0.143,0.2,0.167,0.0,0.163,88.43,544,484,1,1,538,222,569,565,308,34,104,56,1,343,571
1642402,Enrique Freeman,2,1,1,0.5,4.0,104.4,78.8,25.5,0.0,0.0,0.375,0.188,0.0,0.0,116.76,552,525,11,293,551,487,6,7,558,542,5,39,1,572,3
1628365,Markelle Fultz,2,1,1,0.5,12.4,103.9,141.4,-37.6,43.8,0.0,0.0,0.0,18.75,0.139,113.54,552,525,11,293,417,496,563,559,5,542,559,563,525,450,7
1631223,David Roddy,2,1,1,0.5,6.1,73.9,100.8,-26.9,34.0,0.071,0.214,0.143,0.0,0.133,113.47,552,525,11,293,520,565,21,550,26,155,81,98,1,474,8
1642855,Noa Essengue,2,1,1,0.5,3.0,64.3,169.0,-104.7,0.0,0.0,0.0,0.0,0.0,0.2,112.18,552,525,11,293,566,567,568,571,558,542,559,563,1,186,10
1629634,Brandon Clarke,2,1,1,0.5,10.2,91.6,115.4,-23.9,8.5,0.16,0.087,0.125,0.0,0.199,111.09,552,525,11,293,456,551,423,544,535,24,497,150,1,193,11
1642389,Zyon Pullin,2,2,0,1.0,3.1,100.9,123.0,-22.1,43.6,0.0,0.0,0.0,29.07,0.28,109.81,552,504,1,1,565,525,540,542,6,542,559,563,563,37,13
1643133,Lawson Lovering,2,1,1,0.5,24.6,112.9,113.8,-0.8,17.4,0.12,0.209,0.161,11.628,0.112,107.88,552,525,11,293,187,204,346,269,290,60,87,66,46,523,23
1630649,Stanley Umude,2,2,0,1.0,3.3,57.1,189.4,-132.3,33.3,0.0,0.0,0.0,0.0,0.143,99.41,552,504,1,1,564,569,571,572,28,542,559,563,1,428,439
1642935,Chucky Hepburn,2,0,2,0.0,6.6,72.2,133.6,-61.4,22.2,0.0,0.077,0.032,11.111,0.223,95.25,552,551,35,551,506,566,557,566,160,542,527,556,46,129,551
1642504,Cormac Ryan,2,0,2,0.0,6.1,82.3,118.3,-35.9,10.7,0.0,0.0,0.0,0.0,0.307,93.64,552,551,35,551,521,560,486,557,498,542,559,563,1,19,563
1643257,Jayson Kent,2,1,1,0.5,3.5,92.3,69.2,23.1,0.0,0.0,0.4,0.222,0.0,0.231,90.43,552,525,11,293,561,550,2,8,558,542,4,11,1,111,569
1642280,Trentyn Flowers,2,0,2,0.0,2.8,81.8,111.3,-29.5,20.0,0.111,0.0,0.083,20.0,0.267,90.29,552,551,35,551,568,561,234,552,207,70,559,327,525,50,570
1630846,Olivier Sarr,1,1,0,1.0,4.2,128.9,195.0,-66.2,0.0,0.0,0.0,0.0,0.0,0.076,131.49,564,525,1,1,545,6,572,567,558,542,559,563,1,568,2
1642362,Payton Sandfort,1,1,0,1.0,4.7,82.7,157.3,-74.6,0.0,0.0,0.333,0.1,25.0,0.337,116.42,564,525,1,1,536,559,567,568,558,542,6,246,563,7,4
1630621,Hunter Dickinson,1,0,1,0.0,4.7,55.1,153.1,-97.9,0.0,0.0,0.0,0.0,50.0,0.337,115.24,564,551,11,551,539,570,566,570,558,542,559,563,572,7,5
1641732,Colby Jones,1,0,1,0.0,6.8,137.7,50.4,87.4,40.0,0.0,0.444,0.25,0.0,0.162,107.03,564,551,11,551,504,2,1,1,9,542,2,3,1,345,29
1643047,CJ Huntley,1,1,0,1.0,4.7,54.5,99.2,-44.7,0.0,0.0,0.0,0.0,0.0,0.143,106.88,564,525,1,1,536,571,19,562,558,542,559,563,1,428,31
1631457,Alex Morales,1,0,1,0.0,12.0,131.4,85.5,45.9,50.0,0.125,0.2,0.167,25.0,0.139,98.56,564,551,11,551,423,5,7,2,1,53,104,56,563,450,483
1630658,Colin Castleton,1,0,1,0.0,10.3,122.7,76.8,45.9,16.7,0.0,0.444,0.267,33.333,0.217,96.59,564,551,11,551,455,16,5,2,308,542,2,1,563,146,538
1629610,DaQuan Jeffries,1,0,1,0.0,7.0,164.6,152.8,11.8,0.0,0.0,0.0,0.0,0.0,0.078,93.08,564,551,11,551,503,1,565,26,558,542,559,563,1,567,565
1642468,Darius Brown,1,1,0,1.0,2.7,128.9,180.0,-51.1,0.0,0.0,1.0,0.25,0.0,0.205,79.92,564,525,1,1,569,6,570,563,558,542,1,3,1,169,572
