PLAYER_ID,PLAYER_NAME,TEAM_ID,TEAM_ABBREVIATION,AGE,G,MIN,CONTESTED_SHOTS,CONTESTED_SHOTS_2PT,CONTESTED_SHOTS_3PT,DEFLECTIONS,CHARGES_DRAWN,SCREEN_ASSISTS,SCREEN_AST_PTS,OFF_LOOSE_BALLS_RECOVERED,DEF_LOOSE_BALLS_RECOVERED,LOOSE_BALLS_RECOVERED,PCT_LOOSE_BALLS_RECOVERED_OFF,PCT_LOOSE_BALLS_RECOVERED_DEF,OFF_BOXOUTS,DEF_BOXOUTS,BOX_OUTS,BOX_OUT_PLAYER_TEAM_REBS,BOX_OUT_PLAYER_REBS,PCT_BOX_OUTS_OFF,PCT_BOX_OUTS_DEF,PCT_BOX_OUTS_TEAM_REB,PCT_BOX_OUTS_REB
1630639,A.J. Lawson,1610612761,TOR,25.0,7,10.4,1.43,1.14,0.29,0.86,0.0,0.0,0.0,0.0,0.0,0.0,0.0,0.0,0.0,0.29,0.29,0.29,0.14,0.0,1.0,1.0,0.5
1631260,AJ Green,1610612749,MIL,26.0,68,28.5,3.76,2.01,1.75,1.38,0.04,0.26,0.6,0.15,0.32,0.47,0.313,0.688,0.0,0.47,0.47,0.47,0.12,0.0,1.0,1.0,0.25
1642358,AJ Johnson,1610612742,DAL,21.0,26,11.2,1.88,0.96,0.92,0.65,0.0,0.12,0.23,0.08,0.0,0.08,1.0,0.0,0.0,0.04,0.04,0.04,0.0,0.0,1.0,1.0,0.0
203932,Aaron Gordon,1610612743,DEN,30.0,31,27.5,2.68,1.87,0.81,0.68,0.0,0.9,2.16,0.16,0.23,0.39,0.417,0.583,0.13,0.32,0.45,0.45,0.35,0.286,0.714,1.0,0.786
1628988,Aaron Holiday,1610612745,HOU,29.0,41,14.6,1.98,0.93,1.05,0.83,0.02,0.12,0.24,0.05,0.17,0.22,0.222,0.778,0.0,0.12,0.12,0.12,0.02,0.0,1.0,1.0,0.2
1630174,Aaron Nesmith,1610612754,IND,26.0,45,29.7,5.42,3.27,2.16,1.11,0.09,0.56,1.11,0.33,0.24,0.58,0.577,0.423,0.02,0.22,0.24,0.24,0.11,0.091,0.909,1.0,0.455
1630598,Aaron Wiggins,1610612760,OKC,27.0,56,22.6,4.23,2.38,1.86,1.8,0.02,0.27,0.57,0.21,0.36,0.57,0.375,0.625,0.02,0.27,0.29,0.29,0.21,0.063,0.938,1.0,0.75
1642846,Ace Bailey,1610612762,UTA,19.0,64,27.1,4.61,2.55,2.06,1.58,0.0,0.23,0.5,0.36,0.2,0.56,0.639,0.361,0.03,0.36,0.39,0.39,0.14,0.08,0.92,1.0,0.36
1641737,Adem Bona,1610612755,PHI,23.0,62,17.8,5.39,3.74,1.65,1.19,0.0,1.63,3.97,0.18,0.27,0.45,0.393,0.607,0.53,0.42,0.95,0.95,0.63,0.559,0.441,1.0,0.661
1642876,Adou Thiero,1610612747,LAL,21.0,17,5.9,0.88,0.76,0.12,0.71,0.0,0.12,0.29,0.12,0.12,0.24,0.5,0.5,0.0,0.12,0.12,0.12,0.0,0.0,1.0,1.0,0.0
1642349,Ajay Mitchell,1610612760,OKC,23.0,50,26.6,3.46,2.1,1.36,2.48,0.02,0.2,0.46,0.24,0.4,0.64,0.375,0.625,0.02,0.36,0.38,0.38,0.16,0.053,0.947,1.0,0.421
201143,Al Horford,1610612744,GSW,39.0,43,21.7,6.67,4.21,2.47,1.23,0.0,1.02,2.47,0.21,0.21,0.42,0.5,0.5,0.09,0.77,0.86,0.86,0.77,0.108,0.892,1.0,0.892
1627936,Alex Caruso,1610612760,OKC,32.0,51,18.4,2.43,1.04,1.39,3.06,0.04,0.65,1.31,0.14,0.35,0.49,0.28,0.72,0.0,0.37,0.39,0.37,0.22,0.0,0.95,1.0,0.579
1631457,Alex Morales,1610612753,ORL,28.0,1,12.0,1.0,0.0,1.0,0.0,0.0,0.0,0.0,0.0,0.0,0.0,0.0,0.0,0.0,1.0,1.0,1.0,0.0,0.0,1.0,1.0,0.0
1642259,Alex Sarr,1610612764,WAS,20.0,47,27.3,9.45,7.36,2.09,1.49,0.0,3.64,8.45,0.26,0.23,0.49,0.522,0.478,0.51,0.79,1.3,1.3,1.06,0.393,0.607,1.0,0.82
1642918,Alijah Martin,1610612761,TOR,24.0,12,7.9,2.17,1.42,0.75,1.17,0.0,0.08,0.17,0.25,0.17,0.42,0.6,0.4,0.08,0.08,0.17,0.17,0.17,0.5,0.5,1.0,1.0
1631214,Alondes Williams,1610612764,WAS,26.0,3,30.5,3.33,2.33,1.0,1.33,0.0,0.0,0.0,0.0,0.0,0.0,0.0,0.0,0.0,0.0,0.0,0.0,0.0,0.0,0.0,0.0,0.0
1630578,Alperen Sengun,1610612745,HOU,23.0,63,34.1,8.59,5.81,2.78,2.41,0.1,2.14,4.92,0.52,0.24,0.76,0.688,0.313,0.65,0.95,1.6,1.56,1.1,0.406,0.594,0.98,0.69
1642873,Amari Williams,1610612738,BOS,24.0,11,9.9,3.18,2.18,1.0,0.36,0.0,0.91,2.55,0.0,0.0,0.0,0.0,0.0,0.18,0.45,0.64,0.64,0.36,0.286,0.714,1.0,0.571
1641708,Amen Thompson,1610612745,HOU,23.0,71,37.3,3.82,2.49,1.32,2.54,0.01,0.46,1.07,0.41,0.46,0.87,0.468,0.532,0.23,0.25,0.48,0.48,0.37,0.471,0.529,1.0,0.765
1629599,Amir Coffey,1610612756,PHX,28.0,31,11.8,1.19,0.71,0.48,0.77,0.03,0.06,0.16,0.16,0.06,0.23,0.714,0.286,0.0,0.16,0.16,0.16,0.03,0.0,1.0,1.0,0.2
1643158,Andersson Garcia,1610612762,UTA,25.0,5,33.8,4.8,3.8,1.0,4.0,0.0,1.6,4.0,0.8,0.2,1.0,0.8,0.2,0.2,0.8,1.0,1.0,0.6,0.2,0.8,1.0,0.6
203083,Andre Drummond,1610612755,PHI,32.0,54,20.0,5.13,3.8,1.33,1.46,0.0,1.76,3.96,0.17,0.09,0.26,0.643,0.357,0.93,0.54,1.48,1.46,1.31,0.625,0.363,1.0,0.899
1641748,Andre Jackson Jr.,1610612749,MIL,24.0,26,8.2,0.92,0.54,0.38,0.88,0.0,0.42,0.92,0.19,0.19,0.38,0.5,0.5,0.15,0.0,0.15,0.15,0.08,1.0,0.0,1.0,0.5
1629614,Andrew Nembhard,1610612754,IND,26.0,56,31.2,2.46,1.57,0.89,1.66,0.02,0.41,0.88,0.32,0.23,0.55,0.581,0.419,0.0,0.25,0.25,0.25,0.04,0.0,1.0,1.0,0.143
203952,Andrew Wiggins,1610612748,MIA,31.0,60,30.5,7.57,4.02,3.55,2.17,0.0,0.12,0.25,0.38,0.22,0.6,0.639,0.361,0.17,0.68,0.87,0.8,0.35,0.192,0.788,0.941,0.412
1629014,Anfernee Simons,1610612741,CHI,26.0,54,25.0,2.93,1.54,1.39,1.22,0.0,0.19,0.41,0.07,0.17,0.24,0.308,0.692,0.0,0.07,0.07,0.07,0.02,0.0,1.0,1.0,0.25
1641710,Anthony Black,1610612753,ORL,22.0,60,30.7,4.23,2.27,1.97,3.08,0.05,0.3,0.75,0.12,0.3,0.42,0.28,0.72,0.0,0.32,0.32,0.32,0.1,0.0,1.0,1.0,0.316
203076,Anthony Davis,1610612764,WAS,33.0,20,31.3,9.7,6.65,3.05,2.4,0.1,2.7,5.75,0.15,0.05,0.2,0.75,0.25,0.75,0.85,1.6,1.6,1.4,0.469,0.531,1.0,0.875
1630162,Anthony Edwards,1610612750,MIN,24.0,58,35.5,4.19,2.5,1.69,2.22,0.0,0.12,0.33,0.38,0.26,0.64,0.595,0.405,0.0,0.28,0.28,0.28,0.16,0.0,1.0,1.0,0.563
1630264,Anthony Gill,1610612764,WAS,33.0,36,17.2,4.14,2.5,1.64,1.64,0.0,1.5,3.33,0.11,0.03,0.14,0.8,0.2,0.36,0.58,0.94,0.94,0.64,0.382,0.618,1.0,0.676
1641810,Antonio Reeves,1610612766,CHA,25.0,5,9.8,1.8,0.8,1.0,0.2,0.0,0.0,0.0,0.0,0.0,0.0,0.0,0.0,0.0,0.4,0.4,0.4,0.2,0.0,1.0,1.0,0.5
1630574,Ariel Hukporti,1610612752,NYK,23.0,43,9.7,3.49,2.44,1.05,0.35,0.0,1.26,2.84,0.14,0.12,0.26,0.545,0.455,0.21,0.51,0.72,0.72,0.49,0.29,0.71,1.0,0.677
1642854,Asa Newell,1610612737,ATL,20.0,35,12.2,3.4,2.06,1.34,0.46,0.0,0.54,1.11,0.14,0.14,0.29,0.5,0.5,0.14,0.43,0.57,0.57,0.37,0.25,0.75,1.0,0.65
1641709,Ausar Thompson,1610612765,DET,23.0,64,26.0,4.13,2.09,2.03,4.42,0.03,0.44,1.02,0.38,0.39,0.77,0.49,0.51,0.19,0.16,0.34,0.33,0.25,0.545,0.455,1.0,0.762
1630559,Austin Reaves,1610612747,LAL,27.0,47,34.7,3.15,1.72,1.43,2.21,0.3,0.32,0.7,0.4,0.38,0.79,0.514,0.486,0.0,0.23,0.23,0.23,0.02,0.0,1.0,1.0,0.091
1630245,Ayo Dosunmu,1610612750,MIN,26.0,61,26.9,3.77,2.26,1.51,1.18,0.07,0.13,0.34,0.31,0.3,0.61,0.514,0.486,0.0,0.23,0.23,0.23,0.1,0.0,1.0,1.0,0.429
1628389,Bam Adebayo,1610612748,MIA,28.0,65,32.1,6.57,3.83,2.74,2.42,0.03,1.17,2.6,0.29,0.23,0.52,0.559,0.441,0.31,1.88,2.25,2.11,1.42,0.137,0.836,0.965,0.648
1631248,Baylor Scheierman,1610612738,BOS,25.0,65,18.5,2.17,1.15,1.02,1.29,0.08,0.25,0.62,0.22,0.12,0.34,0.636,0.364,0.08,0.25,0.32,0.32,0.22,0.238,0.762,1.0,0.667
1642879,Ben Saraf,1610612751,BKN,19.0,34,20.3,3.35,2.24,1.12,1.68,0.03,0.15,0.38,0.29,0.09,0.38,0.769,0.231,0.03,0.12,0.15,0.15,0.09,0.2,0.8,1.0,0.6
1641767,Ben Sheppard,1610612754,IND,24.0,61,21.4,2.61,1.77,0.84,1.13,0.0,0.11,0.25,0.25,0.15,0.39,0.625,0.375,0.0,0.26,0.26,0.26,0.07,0.0,1.0,1.0,0.25
1631097,Bennedict Mathurin,1610612746,LAC,23.0,46,31.0,2.67,1.63,1.04,1.26,0.02,0.24,0.52,0.2,0.15,0.35,0.563,0.438,0.09,0.43,0.52,0.52,0.28,0.167,0.833,1.0,0.542
1643016,Bez Mbeng,1610612762,UTA,22.0,7,34.5,5.57,2.43,3.14,3.14,0.0,0.29,0.57,0.29,0.29,0.57,0.5,0.5,0.0,0.43,0.43,0.43,0.0,0.0,1.0,1.0,0.0
1641731,Bilal Coulibaly,1610612764,WAS,21.0,50,26.7,3.4,2.26,1.14,3.12,0.04,0.32,0.78,0.12,0.16,0.28,0.429,0.571,0.06,0.2,0.26,0.26,0.18,0.231,0.769,1.0,0.692
202687,Bismack Biyombo,1610612759,SAS,33.0,18,6.7,1.78,1.28,0.5,0.06,0.06,0.56,1.44,0.0,0.06,0.06,0.0,1.0,0.11,0.28,0.39,0.39,0.28,0.286,0.714,1.0,0.714
1642396,Blake Hinson,1610612762,UTA,26.0,11,19.4,2.55,1.45,1.09,0.36,0.0,0.09,0.27,0.0,0.09,0.09,0.0,1.0,0.0,0.18,0.18,0.18,0.09,0.0,1.0,1.0,0.5
1631104,Blake Wesley,1610612757,POR,23.0,18,15.4,1.06,0.5,0.56,2.06,0.0,0.06,0.11,0.0,0.11,0.11,0.0,1.0,0.0,0.11,0.11,0.11,0.0,0.0,1.0,1.0,0.0
1626171,Bobby Portis,1610612749,MIL,31.0,67,24.2,5.28,2.72,2.57,1.64,0.01,0.96,2.04,0.18,0.22,0.4,0.444,0.556,0.3,0.99,1.28,1.25,0.79,0.233,0.767,0.977,0.616
1641752,Bobi Klintman,1610612765,DET,23.0,9,7.1,1.33,0.56,0.78,0.67,0.11,0.22,0.44,0.11,0.0,0.11,1.0,0.0,0.0,0.11,0.11,0.11,0.11,0.0,1.0,1.0,1.0
203992,Bogdan Bogdanović,1610612746,LAC,33.0,21,20.4,3.52,1.9,1.62,1.05,0.0,0.29,0.81,0.14,0.14,0.29,0.5,0.5,0.0,0.14,0.14,0.14,0.14,0.0,1.0,1.0,1.0
1630538,Bones Hyland,1610612750,MIN,25.0,58,16.8,2.16,1.22,0.93,1.21,0.0,0.17,0.38,0.12,0.22,0.34,0.35,0.65,0.0,0.09,0.09,0.09,0.05,0.0,1.0,1.0,0.6
203078,Bradley Beal,1610612746,LAC,32.0,6,20.2,2.33,0.33,2.0,2.17,0.0,0.17,0.33,0.33,0.17,0.5,0.667,0.333,0.0,0.0,0.0,0.0,0.0,0.0,0.0,0.0,0.0
1642382,Branden Carlson,1610612760,OKC,26.0,32,11.6,4.69,3.25,1.44,0.38,0.0,0.69,1.5,0.03,0.03,0.06,0.5,0.5,0.06,0.47,0.53,0.53,0.41,0.118,0.882,1.0,0.765
1641764,Brandin Podziemski,1610612744,GSW,23.0,73,28.4,2.58,1.38,1.19,1.78,0.26,0.55,1.4,0.19,0.23,0.42,0.452,0.548,0.11,0.3,0.41,0.4,0.21,0.267,0.733,0.967,0.5
1629634,Brandon Clarke,1610612763,MEM,29.0,2,10.2,2.0,2.0,0.0,3.0,0.5,0.5,1.5,0.0,0.0,0.0,0.0,0.0,0.0,0.5,0.5,0.5,0.0,0.0,1.0,1.0,0.0
1627742,Brandon Ingram,1610612761,TOR,28.0,68,34.0,5.09,2.85,2.24,1.72,0.0,0.25,0.59,0.24,0.21,0.44,0.533,0.467,0.0,0.31,0.31,0.31,0.19,0.0,1.0,1.0,0.619
1641706,Brandon Miller,1610612766,CHA,23.0,56,30.1,4.34,2.68,1.66,2.14,0.04,0.48,1.2,0.36,0.21,0.57,0.625,0.375,0.02,0.23,0.25,0.23,0.11,0.071,0.929,0.929,0.429
1630314,Brandon Williams,1610612742,DAL,26.0,60,22.1,3.03,1.53,1.5,1.7,0.05,0.12,0.28,0.22,0.33,0.55,0.394,0.606,0.0,0.23,0.23,0.23,0.1,0.0,1.0,1.0,0.429
1641729,Brice Sensabaugh,1610612762,UTA,22.0,63,23.9,2.68,1.29,1.4,1.41,0.13,0.35,0.81,0.27,0.1,0.37,0.739,0.261,0.1,0.3,0.4,0.4,0.27,0.24,0.76,1.0,0.68
1642355,Bronny James,1610612747,LAL,21.0,21,9.8,1.14,0.43,0.71,1.24,0.0,0.05,0.14,0.05,0.1,0.14,0.333,0.667,0.0,0.1,0.1,0.1,0.0,0.0,1.0,1.0,0.0
201572,Brook Lopez,1610612746,LAC,37.0,67,21.1,7.84,6.42,1.42,1.72,0.0,1.36,3.0,0.01,0.15,0.16,0.091,0.909,0.12,1.16,1.28,1.27,0.69,0.093,0.907,0.988,0.535
1642964,Brooks Barnhizer,1610612760,OKC,24.0,28,9.2,1.57,0.93,0.64,0.61,0.0,0.14,0.36,0.07,0.0,0.07,1.0,0.0,0.07,0.14,0.21,0.21,0.14,0.333,0.667,1.0,0.667
1628971,Bruce Brown,1610612743,DEN,29.0,74,24.5,2.49,1.04,1.45,2.35,0.0,0.49,1.14,0.12,0.12,0.24,0.5,0.5,0.16,0.19,0.35,0.34,0.26,0.462,0.538,0.962,0.731
1631121,Bryce McGowens,1610612740,NOP,23.0,40,21.8,3.35,1.55,1.8,1.58,0.2,0.18,0.4,0.03,0.2,0.23,0.111,0.889,0.03,0.33,0.35,0.35,0.08,0.071,0.929,1.0,0.214
1642267,Bub Carrington,1610612764,WAS,20.0,71,27.8,2.93,1.56,1.37,1.45,0.0,0.27,0.59,0.28,0.21,0.49,0.571,0.429,0.03,0.39,0.42,0.41,0.14,0.067,0.933,0.967,0.333
1631205,Buddy Boeheim,1610612760,OKC,26.0,2,6.2,2.5,2.5,0.0,0.5,0.0,0.5,1.0,0.0,0.0,0.0,0.0,0.0,0.0,0.0,0.0,0.0,0.0,0.0,0.0,0.0,0.0
1627741,Buddy Hield,1610612737,ATL,33.0,45,17.1,2.82,1.62,1.2,1.69,0.0,0.11,0.24,0.24,0.24,0.49,0.5,0.5,0.0,0.09,0.09,0.09,0.02,0.0,1.0,1.0,0.25
203468,CJ McCollum,1610612737,ATL,34.0,68,29.7,4.18,2.04,2.13,1.5,0.0,0.32,0.78,0.25,0.25,0.5,0.5,0.5,0.01,0.19,0.21,0.21,0.12,0.071,0.929,1.0,0.571
1630595,Cade Cunningham,1610612765,DET,24.0,61,34.4,4.98,2.87,2.11,2.51,0.0,0.31,0.69,0.39,0.51,0.9,0.436,0.564,0.05,0.41,0.46,0.46,0.23,0.107,0.893,1.0,0.5
1631216,Caleb Houstan,1610612737,ATL,23.0,4,7.0,1.0,0.5,0.5,1.0,0.0,0.0,0.0,0.0,0.25,0.25,0.0,1.0,0.0,0.0,0.0,0.0,0.0,0.0,0.0,0.0,0.0
1631126,Caleb Love,1610612757,POR,24.0,42,23.0,2.0,0.88,1.12,1.38,0.0,0.12,0.26,0.12,0.1,0.21,0.556,0.444,0.0,0.12,0.12,0.12,0.1,0.0,1.0,1.0,0.8
1628997,Caleb Martin,1610612742,DAL,30.0,50,16.4,1.72,1.14,0.58,1.44,0.08,0.56,1.26,0.14,0.14,0.28,0.5,0.5,0.0,0.24,0.24,0.24,0.08,0.0,1.0,1.0,0.333
1642353,Cam Christie,1610612746,LAC,20.0,36,11.1,1.86,0.94,0.92,0.83,0.0,0.11,0.25,0.11,0.0,0.11,1.0,0.0,0.0,0.08,0.08,0.08,0.03,0.0,1.0,1.0,0.333
1642285,Cam Spencer,1610612763,MEM,25.0,68,24.0,1.99,0.76,1.22,1.51,0.03,0.19,0.43,0.21,0.22,0.43,0.483,0.517,0.0,0.28,0.28,0.26,0.12,0.0,1.0,0.947,0.421
1630560,Cam Thomas,1610612749,MIL,24.0,39,21.5,2.31,1.28,1.03,0.85,0.03,0.08,0.18,0.1,0.03,0.13,0.8,0.2,0.0,0.1,0.1,0.1,0.03,0.0,1.0,1.0,0.25
1641715,Cam Whitmore,1610612764,WAS,21.0,21,16.9,1.81,1.24,0.57,1.14,0.0,0.05,0.1,0.48,0.14,0.62,0.769,0.231,0.14,0.19,0.33,0.33,0.24,0.429,0.571,1.0,0.714
1629661,Cameron Johnson,1610612743,DEN,30.0,48,30.4,4.15,2.19,1.96,1.85,0.1,0.69,1.58,0.29,0.19,0.48,0.609,0.391,0.02,0.5,0.52,0.52,0.15,0.04,0.96,1.0,0.28
1626166,Cameron Payne,1610612755,PHI,31.0,18,19.2,1.61,0.61,1.0,3.0,0.17,0.17,0.44,0.06,0.11,0.17,0.333,0.667,0.06,0.17,0.22,0.22,0.11,0.25,0.75,1.0,0.5
1627747,Caris LeVert,1610612765,DET,31.0,50,19.5,3.06,1.78,1.28,1.86,0.0,0.14,0.32,0.26,0.3,0.56,0.464,0.536,0.02,0.3,0.32,0.32,0.16,0.063,0.938,1.0,0.5
1642868,Carter Bryant,1610612759,SAS,20.0,57,11.4,2.44,1.47,0.96,0.7,0.02,0.25,0.58,0.05,0.18,0.23,0.231,0.769,0.04,0.19,0.23,0.23,0.07,0.154,0.846,1.0,0.308
1641717,Cason Wallace,1610612760,OKC,22.0,71,27.0,4.49,1.76,2.73,4.48,0.0,0.73,1.55,0.27,0.2,0.46,0.576,0.424,0.03,0.39,0.44,0.42,0.14,0.065,0.903,1.0,0.333
1642907,Cedric Coward,1610612763,MEM,22.0,56,26.0,5.27,2.73,2.54,1.5,0.04,0.18,0.46,0.41,0.46,0.88,0.469,0.531,0.11,0.21,0.32,0.32,0.2,0.333,0.667,1.0,0.611
1643052,Chaney Johnson,1610612751,BKN,23.0,10,20.9,3.2,2.5,0.7,2.4,0.0,2.0,4.1,0.4,0.2,0.6,0.667,0.333,0.2,0.9,1.1,1.0,0.5,0.182,0.818,0.909,0.455
1629646,Charles Bassey,1610612738,BOS,25.0,4,9.2,1.0,1.0,0.0,0.75,0.0,0.5,1.25,0.25,0.25,0.5,0.5,0.5,0.25,0.25,0.5,0.5,0.5,0.5,0.5,1.0,1.0
1642404,Chaz Lanier,1610612765,DET,24.0,14,10.8,1.07,0.79,0.29,0.71,0.0,0.0,0.0,0.29,0.0,0.29,1.0,0.0,0.0,0.14,0.14,0.14,0.0,0.0,1.0,1.0,0.0
1631096,Chet Holmgren,1610612760,OKC,23.0,63,29.2,10.06,7.52,2.54,1.24,0.02,1.33,3.08,0.24,0.16,0.4,0.6,0.4,0.3,0.98,1.29,1.29,0.92,0.235,0.765,1.0,0.716
1628449,Chris Boucher,1610612738,BOS,33.0,7,12.0,3.86,3.0,0.86,1.0,0.0,1.43,3.57,0.14,0.29,0.43,0.333,0.667,0.14,0.43,0.57,0.57,0.43,0.25,0.75,1.0,0.75
1641753,Chris Livingston,1610612739,CLE,22.0,3,5.8,0.67,0.0,0.67,0.33,0.0,0.0,0.0,0.67,0.0,0.67,1.0,0.0,0.0,0.0,0.0,0.0,0.0,0.0,0.0,0.0,0.0
1643024,Chris Mañon,1610612747,LAL,24.0,3,5.5,1.67,1.33,0.33,3.67,0.33,0.0,0.0,0.33,0.0,0.33,1.0,0.0,0.0,0.0,0.0,0.0,0.0,0.0,0.0,0.0,0.0
101108,Chris Paul,1610612746,LAC,40.0,14,14.8,0.79,0.29,0.5,1.93,0.0,0.07,0.14,0.0,0.07,0.07,0.0,1.0,0.0,0.36,0.36,0.36,0.14,0.0,1.0,1.0,0.4
1642959,Chris Youngblood,1610612757,POR,24.0,21,6.8,1.43,1.1,0.33,0.33,0.0,0.05,0.1,0.05,0.14,0.19,0.25,0.75,0.0,0.05,0.05,0.05,0.05,0.0,1.0,1.0,1.0
1631128,Christian Braun,1610612743,DEN,24.0,38,31.8,4.29,2.26,2.03,2.16,0.0,0.89,2.18,0.21,0.24,0.45,0.471,0.529,0.18,0.26,0.45,0.42,0.26,0.412,0.588,1.0,0.625
1631132,Christian Koloko,1610612737,ATL,25.0,24,13.4,5.71,4.54,1.17,0.71,0.0,1.46,3.29,0.25,0.13,0.38,0.667,0.333,0.21,0.38,0.58,0.58,0.29,0.357,0.643,1.0,0.5
1642935,Chucky Hepburn,1610612761,TOR,23.0,2,6.6,1.5,1.0,0.5,1.5,0.0,0.0,0.0,0.0,0.5,0.5,0.0,1.0,0.0,0.0,0.0,0.0,0.0,0.0,0.0,0.0,0.0
203991,Clint Capela,1610612745,HOU,31.0,65,12.6,4.51,3.42,1.09,0.66,0.02,1.05,2.28,0.22,0.12,0.34,0.636,0.364,0.49,0.54,1.03,1.02,0.83,0.478,0.522,0.985,0.806
1629632,Coby White,1610612766,CHA,26.0,41,26.2,3.66,2.1,1.56,0.98,0.17,0.32,0.76,0.24,0.22,0.46,0.526,0.474,0.0,0.37,0.37,0.34,0.2,0.0,1.0,0.933,0.533
1628998,Cody Martin,1610612754,IND,30.0,4,13.8,1.75,1.0,0.75,2.25,0.0,0.25,0.5,0.0,0.25,0.25,0.0,1.0,0.0,0.25,0.25,0.25,0.0,0.0,1.0,1.0,0.0
1642262,Cody Williams,1610612762,UTA,21.0,57,22.9,3.44,2.37,1.07,1.81,0.0,0.84,2.05,0.16,0.25,0.4,0.391,0.609,0.0,0.18,0.18,0.18,0.07,0.0,1.0,1.0,0.4
1641732,Colby Jones,1610612765,DET,23.0,1,6.8,0.0,0.0,0.0,0.0,0.0,0.0,0.0,0.0,0.0,0.0,0.0,0.0,0.0,1.0,1.0,1.0,1.0,0.0,1.0,1.0,1.0
1630175,Cole Anthony,1610612749,MIL,25.0,32,15.6,1.81,0.78,1.03,1.16,0.03,0.06,0.13,0.19,0.22,0.41,0.462,0.538,0.0,0.13,0.13,0.13,0.06,0.0,1.0,1.0,0.5
1630658,Colin Castleton,1610612753,ORL,25.0,1,10.3,2.0,2.0,0.0,1.0,0.0,3.0,7.0,0.0,0.0,0.0,0.0,0.0,0.0,1.0,1.0,1.0,1.0,0.0,1.0,1.0,1.0
1631221,Collin Gillespie,1610612756,PHX,26.0,72,28.9,2.57,1.06,1.51,2.4,0.15,0.31,0.69,0.46,0.39,0.85,0.541,0.459,0.01,0.31,0.32,0.32,0.21,0.043,0.957,1.0,0.652
1642867,Collin Murray-Boyles,1610612761,TOR,20.0,49,22.2,5.43,3.41,2.02,2.71,0.02,1.57,3.45,0.27,0.14,0.41,0.65,0.35,0.47,0.53,1.0,1.0,0.65,0.469,0.531,1.0,0.653
1629012,Collin Sexton,1610612741,CHI,27.0,59,22.9,2.17,1.25,0.92,1.75,0.02,0.36,0.81,0.17,0.22,0.39,0.435,0.565,0.0,0.17,0.17,0.17,0.05,0.0,1.0,1.0,0.3
1642843,Cooper Flagg,1610612742,DAL,19.0,61,33.8,7.11,3.75,3.36,2.1,0.0,0.49,1.13,0.33,0.46,0.79,0.417,0.583,0.03,0.34,0.38,0.36,0.25,0.087,0.913,0.957,0.652
1630557,Corey Kispert,1610612737,ATL,27.0,50,19.4,3.4,2.16,1.24,0.68,0.02,0.28,0.64,0.22,0.16,0.38,0.579,0.421,0.02,0.12,0.14,0.14,0.04,0.143,0.857,1.0,0.286
1642504,Cormac Ryan,1610612749,MIL,27.0,2,6.1,1.0,1.0,0.0,0.0,0.0,0.0,0.0,0.0,0.0,0.0,0.0,0.0,0.0,0.0,0.0,0.0,0.0,0.0,0.0,0.0,0.0
1641854,Craig Porter Jr.,1610612739,CLE,26.0,56,18.2,2.71,1.66,1.05,2.32,0.0,0.2,0.45,0.32,0.14,0.46,0.692,0.308,0.02,0.16,0.18,0.16,0.05,0.1,0.9,0.9,0.3
1642938,Curtis Jones,1610612743,DEN,24.0,4,5.7,1.25,0.5,0.75,0.0,0.0,0.0,0.0,0.0,0.0,0.0,0.0,0.0,0.0,0.0,0.0,0.0,0.0,0.0,0.0,0.0,0.0
1626156,D'Angelo Russell,1610612764,WAS,30.0,24,19.0,1.96,0.96,1.0,1.13,0.04,0.21,0.5,0.08,0.25,0.33,0.25,0.75,0.0,0.13,0.13,0.13,0.08,0.0,1.0,1.0,0.667
1629610,DaQuan Jeffries,1610612758,SAC,28.0,1,7.0,2.0,1.0,1.0,0.0,0.0,1.0,2.0,0.0,0.0,0.0,0.0,0.0,0.0,0.0,0.0,0.0,0.0,0.0,0.0,0.0,0.0
1641747,DaRon Holmes II,1610612743,DEN,23.0,15,12.5,5.2,3.73,1.47,0.47,0.0,1.07,2.47,0.07,0.07,0.13,0.5,0.5,0.13,1.07,1.2,1.2,0.33,0.111,0.889,1.0,0.278
1631342,Daeqwon Plowden,1610612758,SAC,27.0,24,25.7,3.21,1.71,1.5,1.58,0.04,0.17,0.38,0.21,0.08,0.29,0.714,0.286,0.0,0.33,0.33,0.33,0.04,0.0,1.0,1.0,0.125
1630625,Dalano Banton,1610612738,BOS,26.0,3,5.7,0.67,0.33,0.33,0.67,0.0,0.0,0.0,0.0,0.0,0.0,0.0,0.0,0.0,0.0,0.0,0.0,0.0,0.0,0.0,0.0,0.0
1631207,Dalen Terry,1610612755,PHI,23.0,35,14.3,3.03,1.97,1.06,1.26,0.03,0.2,0.54,0.11,0.23,0.34,0.333,0.667,0.03,0.14,0.17,0.14,0.11,0.167,0.833,0.833,0.667
1642261,Dalton Knecht,1610612747,LAL,24.0,37,12.4,2.0,1.22,0.78,0.41,0.05,0.22,0.51,0.05,0.11,0.16,0.333,0.667,0.0,0.14,0.14,0.14,0.11,0.0,1.0,1.0,0.8
1629655,Daniel Gafford,1610612742,DAL,27.0,51,21.9,7.14,5.71,1.43,1.86,0.06,2.88,6.51,0.29,0.24,0.53,0.556,0.444,0.49,0.92,1.41,1.41,0.8,0.347,0.653,1.0,0.569
1642450,Daniss Jenkins,1610612765,DET,24.0,57,20.4,2.75,1.67,1.09,1.82,0.0,0.14,0.33,0.3,0.28,0.58,0.515,0.485,0.02,0.18,0.19,0.18,0.02,0.091,0.909,0.909,0.091
1642874,Danny Wolf,1610612751,BKN,21.0,55,21.3,5.51,3.91,1.6,1.22,0.0,0.2,0.47,0.13,0.13,0.25,0.5,0.5,0.15,0.38,0.53,0.53,0.35,0.276,0.724,1.0,0.655
203967,Dario Saric,1610612758,SAC,31.0,5,8.3,2.4,1.6,0.8,1.4,0.0,0.2,0.6,0.0,0.0,0.0,0.0,0.0,0.0,0.4,0.4,0.4,0.2,0.0,1.0,1.0,0.5
1629636,Darius Garland,1610612746,LAC,26.0,38,29.8,3.21,1.5,1.71,1.82,0.03,0.21,0.45,0.24,0.21,0.45,0.529,0.471,0.0,0.13,0.13,0.13,0.08,0.0,1.0,1.0,0.6
1642357,David Jones Garcia,1610612759,SAS,24.0,9,7.2,0.78,0.33,0.44,1.22,0.0,0.0,0.0,0.22,0.0,0.22,1.0,0.0,0.0,0.11,0.11,0.11,0.11,0.0,1.0,1.0,1.0
1631223,David Roddy,1610612743,DEN,25.0,2,6.1,0.5,0.0,0.5,0.5,0.0,0.0,0.0,0.0,0.5,0.5,0.0,1.0,0.0,0.0,0.0,0.0,0.0,0.0,0.0,0.0,0.0
1630558,Davion Mitchell,1610612748,MIA,27.0,63,28.3,2.9,0.76,2.14,1.92,0.1,0.17,0.41,0.14,0.35,0.49,0.29,0.71,0.0,0.32,0.32,0.32,0.13,0.0,1.0,1.0,0.4
1630549,Day'Ron Sharpe,1610612751,BKN,24.0,62,18.7,4.02,2.63,1.39,2.42,0.0,1.71,4.03,0.31,0.15,0.45,0.679,0.321,0.56,0.63,1.19,1.18,0.82,0.473,0.527,0.986,0.689
1628368,De'Aaron Fox,1610612759,SAS,28.0,63,31.3,3.59,1.62,1.97,2.78,0.03,0.22,0.52,0.24,0.24,0.48,0.5,0.5,0.0,0.11,0.11,0.11,0.05,0.0,1.0,1.0,0.429
1629631,De'Andre Hunter,1610612758,SAC,28.0,45,26.1,3.04,1.62,1.42,1.73,0.0,0.31,0.69,0.11,0.2,0.31,0.357,0.643,0.02,0.49,0.51,0.51,0.18,0.043,0.957,1.0,0.348
1629001,De'Anthony Melton,1610612744,GSW,27.0,42,22.9,2.33,1.26,1.07,2.98,0.0,0.26,0.62,0.33,0.36,0.69,0.483,0.517,0.02,0.26,0.29,0.29,0.07,0.083,0.917,1.0,0.25
201599,DeAndre Jordan,1610612740,NOP,37.0,11,16.3,3.55,2.55,1.0,0.73,0.0,1.27,2.91,0.18,0.0,0.18,1.0,0.0,0.55,0.55,1.09,1.09,1.0,0.5,0.5,1.0,0.917
1630610,DeJon Jarreau,1610612763,MEM,28.0,8,19.8,1.88,0.38,1.5,1.5,0.0,0.38,0.38,0.13,0.25,0.38,0.333,0.667,0.0,0.13,0.13,0.13,0.13,0.0,1.0,1.0,1.0
201942,DeMar DeRozan,1610612758,SAC,36.0,73,31.6,2.88,1.64,1.23,1.64,0.05,0.1,0.23,0.16,0.32,0.48,0.343,0.657,0.0,0.4,0.4,0.4,0.19,0.0,1.0,1.0,0.483
1629731,Dean Wade,1610612739,CLE,29.0,57,22.4,4.86,3.49,1.37,1.89,0.0,0.75,1.82,0.12,0.18,0.3,0.412,0.588,0.05,0.88,0.93,0.93,0.33,0.057,0.943,1.0,0.358
1629028,Deandre Ayton,1610612747,LAL,27.0,63,27.6,7.79,5.78,2.02,1.16,0.0,3.75,8.65,0.27,0.22,0.49,0.548,0.452,0.41,0.57,0.98,0.95,0.86,0.419,0.581,0.968,0.871
1627749,Dejounte Murray,1610612740,NOP,29.0,12,27.8,2.75,1.67,1.08,2.25,0.0,0.08,0.25,0.25,0.33,0.58,0.429,0.571,0.0,0.17,0.17,0.17,0.08,0.0,1.0,1.0,0.5
1630166,Deni Avdija,1610612757,POR,25.0,58,33.1,4.34,2.86,1.48,1.52,0.0,0.16,0.33,0.41,0.22,0.64,0.649,0.351,0.02,0.34,0.36,0.36,0.31,0.048,0.952,1.0,0.857
203471,Dennis Schröder,1610612739,CLE,32.0,61,24.9,2.28,1.13,1.15,1.59,0.11,0.31,0.7,0.16,0.18,0.34,0.476,0.524,0.02,0.15,0.16,0.16,0.1,0.1,0.9,1.0,0.6
1641726,Dereck Lively II,1610612742,DAL,22.0,7,16.5,8.14,6.57,1.57,0.57,0.0,1.57,3.29,0.29,0.43,0.71,0.4,0.6,0.14,1.57,1.71,1.71,0.86,0.083,0.917,1.0,0.5
1642852,Derik Queen,1610612740,NOP,21.0,73,24.5,6.75,4.48,2.27,2.15,0.05,1.49,3.53,0.25,0.1,0.34,0.72,0.28,0.14,0.67,0.81,0.79,0.45,0.169,0.831,1.0,0.569
1627884,Derrick Jones Jr.,1610612746,LAC,29.0,42,27.5,3.9,2.38,1.52,2.21,0.0,0.69,1.62,0.26,0.14,0.4,0.647,0.353,0.0,0.21,0.21,0.21,0.12,0.0,1.0,1.0,0.556
1628401,Derrick White,1610612738,BOS,31.0,70,34.3,7.36,4.3,3.06,2.59,0.11,0.33,0.8,0.29,0.4,0.69,0.417,0.583,0.0,0.24,0.24,0.24,0.03,0.0,1.0,1.0,0.118
1630217,Desmond Bane,1610612753,ORL,27.0,73,34.2,4.78,2.42,2.36,1.86,0.01,0.38,0.81,0.34,0.38,0.73,0.472,0.528,0.16,0.26,0.42,0.42,0.26,0.387,0.613,1.0,0.613
1626164,Devin Booker,1610612756,PHX,29.0,57,33.5,2.72,1.49,1.23,1.47,0.04,0.56,1.3,0.4,0.37,0.77,0.523,0.477,0.04,0.47,0.51,0.51,0.21,0.069,0.931,1.0,0.414
1642269,Devin Carter,1610612758,SAC,24.0,27,16.9,2.3,1.0,1.3,1.44,0.0,0.11,0.26,0.07,0.26,0.33,0.222,0.778,0.0,0.04,0.04,0.04,0.0,0.0,1.0,1.0,0.0
1630170,Devin Vassell,1610612759,SAS,25.0,58,30.5,3.1,1.95,1.16,1.72,0.0,0.45,0.97,0.19,0.22,0.41,0.458,0.542,0.0,0.17,0.17,0.17,0.14,0.0,1.0,1.0,0.8
1628415,Dillon Brooks,1610612756,PHX,30.0,50,30.6,3.04,1.36,1.68,2.04,0.02,0.42,1.0,0.26,0.22,0.48,0.542,0.458,0.02,0.26,0.28,0.28,0.18,0.071,0.929,1.0,0.643
1641794,Dillon Jones,1610612752,NYK,24.0,3,6.3,0.33,0.33,0.0,1.33,0.0,0.0,0.0,0.0,0.0,0.0,0.0,0.0,0.0,0.0,0.0,0.0,0.0,0.0,0.0,0.0,0.0
1627734,Domantas Sabonis,1610612758,SAC,29.0,19,29.7,5.32,3.63,1.68,1.53,0.0,4.05,8.95,0.53,0.32,0.84,0.625,0.375,1.11,1.16,2.26,2.21,1.79,0.488,0.512,0.977,0.791
1631230,Dominick Barlow,1610612755,PHI,22.0,62,24.2,7.06,5.03,2.03,1.77,0.0,0.84,2.05,0.29,0.35,0.65,0.45,0.55,0.05,0.35,0.4,0.4,0.16,0.12,0.88,1.0,0.4
1642270,Donovan Clingan,1610612757,POR,22.0,69,27.2,13.35,9.62,3.72,1.03,0.01,2.36,5.52,0.28,0.14,0.42,0.655,0.345,1.07,0.78,1.86,1.83,1.58,0.578,0.422,0.984,0.852
1628378,Donovan Mitchell,1610612739,CLE,29.0,65,33.5,2.95,1.32,1.63,2.91,0.0,0.23,0.55,0.32,0.37,0.69,0.467,0.533,0.0,0.28,0.29,0.28,0.17,0.0,0.947,1.0,0.611
1628978,Donte DiVincenzo,1610612750,MIN,29.0,73,30.9,3.14,1.63,1.51,3.11,0.0,0.4,1.0,0.32,0.49,0.81,0.39,0.61,0.0,0.23,0.23,0.23,0.12,0.0,1.0,1.0,0.529
1627827,Dorian Finney-Smith,1610612745,HOU,32.0,33,17.2,2.09,1.18,0.91,0.97,0.0,0.33,0.76,0.09,0.09,0.18,0.5,0.5,0.0,0.39,0.39,0.39,0.06,0.0,1.0,1.0,0.154
203926,Doug McDermott,1610612758,SAC,34.0,16,16.7,2.38,1.31,1.06,0.44,0.0,0.13,0.25,0.06,0.06,0.13,0.5,0.5,0.0,0.0,0.0,0.0,0.0,0.0,0.0,0.0,0.0
1642962,Drake Powell,1610612751,BKN,20.0,53,20.5,2.6,1.45,1.15,1.23,0.0,0.11,0.28,0.15,0.15,0.3,0.5,0.5,0.04,0.25,0.28,0.25,0.08,0.133,0.867,0.867,0.267
203110,Draymond Green,1610612744,GSW,36.0,60,27.4,7.45,4.8,2.65,2.22,0.08,2.5,6.43,0.23,0.18,0.42,0.56,0.44,0.12,1.12,1.23,1.18,0.63,0.095,0.905,0.959,0.514
1629234,Drew Eubanks,1610612758,SAC,29.0,42,13.1,3.36,2.64,0.71,0.86,0.02,1.71,3.86,0.1,0.05,0.14,0.667,0.333,0.26,0.5,0.76,0.76,0.48,0.344,0.656,1.0,0.625
1641809,Drew Peterson,1610612766,CHA,26.0,6,10.7,0.83,0.5,0.33,1.83,0.0,0.17,0.33,0.17,0.0,0.17,1.0,0.0,0.0,0.17,0.17,0.17,0.17,0.0,1.0,1.0,1.0
1631166,Drew Timme,1610612747,LAL,25.0,16,10.7,2.13,1.63,0.5,0.38,0.06,0.63,1.69,0.0,0.19,0.19,0.0,1.0,0.06,0.5,0.56,0.56,0.06,0.111,0.889,1.0,0.111
1630696,Dru Smith,1610612748,MIA,28.0,65,17.1,2.63,1.26,1.37,2.98,0.18,0.08,0.17,0.14,0.18,0.32,0.429,0.571,0.02,0.28,0.29,0.28,0.11,0.053,0.947,0.947,0.368
1629130,Duncan Robinson,1610612765,DET,31.0,70,27.7,3.4,1.93,1.47,1.84,0.09,0.63,1.3,0.16,0.16,0.31,0.5,0.5,0.01,0.39,0.4,0.4,0.14,0.036,0.964,1.0,0.357
1641871,Duop Reath,1610612757,POR,29.0,28,8.9,2.82,1.79,1.04,0.29,0.04,0.43,1.0,0.11,0.07,0.18,0.6,0.4,0.0,0.43,0.43,0.43,0.11,0.0,1.0,1.0,0.25
203939,Dwight Powell,1610612742,DAL,34.0,51,14.2,3.84,3.08,0.76,1.51,0.1,2.27,5.14,0.1,0.25,0.35,0.278,0.722,0.33,0.76,1.1,1.08,0.61,0.304,0.696,0.982,0.554
1642928,Dylan Cardwell,1610612758,SAC,24.0,35,20.9,6.86,5.69,1.17,1.23,0.0,2.06,4.77,0.37,0.11,0.49,0.765,0.235,0.51,0.89,1.4,1.4,0.94,0.367,0.633,1.0,0.673
1642844,Dylan Harper,1610612759,SAS,20.0,60,22.3,2.75,1.83,0.92,1.17,0.0,0.18,0.38,0.32,0.3,0.62,0.514,0.486,0.0,0.1,0.1,0.1,0.05,0.0,1.0,1.0,0.5
1630700,Dyson Daniels,1610612737,ATL,23.0,70,33.2,5.61,3.11,2.5,4.1,0.04,1.61,3.96,0.51,0.49,1.0,0.514,0.486,0.09,0.3,0.39,0.37,0.33,0.222,0.778,1.0,0.885
1630604,E.J. Liddell,1610612751,BKN,25.0,14,10.3,2.71,1.71,1.0,0.36,0.07,0.29,0.71,0.07,0.0,0.07,1.0,0.0,0.07,0.5,0.57,0.57,0.21,0.125,0.875,1.0,0.375
1642856,Egor Dëmin,1610612751,BKN,20.0,52,25.2,4.13,2.52,1.62,1.69,0.06,0.27,0.65,0.21,0.13,0.35,0.611,0.389,0.0,0.37,0.37,0.37,0.12,0.0,1.0,1.0,0.316
1641989,Elijah Harkless,1610612762,UTA,26.0,23,20.7,2.65,1.22,1.43,2.52,0.09,0.39,0.96,0.13,0.04,0.17,0.75,0.25,0.0,0.22,0.26,0.17,0.0,0.0,0.833,0.8,0.0
1641801,Emanuel Miller,1610612759,SAS,25.0,4,7.2,0.75,0.75,0.0,0.5,0.0,0.0,0.0,0.25,0.5,0.75,0.333,0.667,0.0,0.25,0.25,0.25,0.0,0.0,1.0,1.0,0.0
1642402,Enrique Freeman,1610612750,MIN,25.0,2,4.0,3.0,2.5,0.5,0.0,0.0,0.0,0.0,0.0,0.0,0.0,0.0,0.0,0.0,0.0,0.0,0.0,0.0,0.0,0.0,0.0,0.0
201569,Eric Gordon,1610612755,PHI,37.0,5,13.6,1.2,0.2,1.0,0.4,0.0,0.0,0.0,0.0,0.0,0.0,0.0,0.0,0.0,0.0,0.0,0.0,0.0,0.0,0.0,0.0,0.0
1630679,Ethan Thompson,1610612754,IND,26.0,21,19.7,3.62,2.24,1.38,1.38,0.1,0.48,1.14,0.1,0.05,0.14,0.667,0.333,0.05,0.43,0.48,0.48,0.1,0.1,0.9,1.0,0.2
1630596,Evan Mobley,1610612739,CLE,24.0,59,32.3,10.46,7.29,3.17,1.86,0.0,1.9,4.29,0.32,0.2,0.53,0.613,0.387,0.36,1.29,1.66,1.63,1.12,0.214,0.776,0.99,0.68
1630532,Franz Wagner,1610612753,ORL,24.0,28,31.8,4.54,2.57,1.96,2.21,0.04,0.25,0.61,0.32,0.36,0.68,0.474,0.526,0.0,0.68,0.68,0.68,0.32,0.0,1.0,1.0,0.474
1641713,GG Jackson,1610612763,MEM,21.0,47,22.6,4.81,3.11,1.7,1.23,0.0,0.3,0.72,0.15,0.21,0.36,0.412,0.588,0.02,0.15,0.17,0.17,0.06,0.125,0.875,1.0,0.375
1629216,Gabe Vincent,1610612737,ATL,29.0,44,17.1,2.3,1.05,1.25,1.3,0.05,0.41,0.98,0.23,0.14,0.36,0.625,0.375,0.0,0.2,0.2,0.2,0.02,0.0,1.0,1.0,0.111
202066,Garrett Temple,1610612761,TOR,39.0,11,4.1,0.91,0.36,0.55,0.55,0.0,0.18,0.36,0.09,0.0,0.09,1.0,0.0,0.0,0.09,0.09,0.09,0.09,0.0,1.0,1.0,1.0
1629726,Garrison Mathews,1610612754,IND,29.0,12,15.0,1.67,0.92,0.75,0.92,0.33,0.08,0.17,0.0,0.0,0.0,0.0,0.0,0.0,0.17,0.17,0.17,0.0,0.0,1.0,1.0,0.0
203914,Gary Harris,1610612749,MIL,31.0,39,14.7,1.59,0.54,1.05,1.51,0.0,0.23,0.49,0.1,0.1,0.21,0.5,0.5,0.0,0.1,0.1,0.1,0.03,0.0,1.0,1.0,0.25
1627780,Gary Payton II,1610612744,GSW,33.0,63,15.2,2.05,1.16,0.89,1.86,0.0,0.67,1.75,0.32,0.22,0.54,0.588,0.412,0.08,0.13,0.21,0.21,0.16,0.385,0.615,1.0,0.769
1629018,Gary Trent Jr.,1610612749,MIL,27.0,51,23.2,0.98,0.43,0.55,1.65,0.0,0.0,0.0,0.16,0.12,0.27,0.571,0.429,0.02,0.14,0.16,0.16,0.06,0.125,0.875,1.0,0.375
203507,Giannis Antetokounmpo,1610612749,MIL,31.0,36,28.9,4.06,2.36,1.69,1.86,0.0,1.53,3.53,0.5,0.08,0.58,0.857,0.143,0.33,0.67,1.0,1.0,0.89,0.333,0.667,1.0,0.889
1629048,Goga Bitadze,1610612753,ORL,26.0,55,15.0,4.51,3.16,1.35,1.24,0.02,1.76,4.07,0.13,0.11,0.24,0.538,0.462,0.56,0.82,1.38,1.38,0.82,0.408,0.592,1.0,0.592
1641711,Gradey Dick,1610612761,TOR,22.0,63,15.7,0.95,0.48,0.48,1.76,0.05,0.08,0.17,0.21,0.17,0.38,0.542,0.458,0.03,0.13,0.16,0.16,0.08,0.2,0.8,1.0,0.5
1641761,Grant Nelson,1610612751,BKN,24.0,4,8.8,3.5,3.0,0.5,0.25,0.0,0.75,1.75,0.0,0.25,0.25,0.0,1.0,0.5,0.25,0.75,0.75,0.5,0.667,0.333,1.0,0.667
1629684,Grant Williams,1610612766,CHA,27.0,29,19.2,4.45,2.59,1.86,0.62,0.14,0.83,2.03,0.24,0.07,0.31,0.778,0.222,0.31,0.9,1.21,1.17,0.62,0.257,0.743,0.971,0.514
1628960,Grayson Allen,1610612756,PHX,30.0,44,30.1,3.14,1.5,1.64,2.52,0.0,0.2,0.55,0.23,0.36,0.59,0.385,0.615,0.0,0.18,0.18,0.18,0.02,0.0,1.0,1.0,0.125
1627824,Guerschon Yabusele,1610612741,CHI,30.0,55,14.8,2.27,1.55,0.73,0.89,0.04,0.56,1.36,0.18,0.16,0.35,0.526,0.474,0.16,0.53,0.71,0.69,0.33,0.231,0.744,1.0,0.474
1630611,Gui Santos,1610612744,GSW,23.0,58,20.8,4.55,2.78,1.78,1.69,0.07,0.22,0.59,0.19,0.17,0.36,0.524,0.476,0.14,0.48,0.62,0.62,0.36,0.222,0.778,1.0,0.583
203084,Harrison Barnes,1610612759,SAS,33.0,68,26.3,3.4,1.88,1.51,1.35,0.04,0.65,1.46,0.24,0.19,0.43,0.552,0.448,0.1,0.57,0.68,0.66,0.43,0.152,0.848,0.978,0.63
1631127,Harrison Ingram,1610612759,SAS,23.0,2,4.2,1.0,1.0,0.0,0.0,0.0,0.0,0.0,0.0,0.0,0.0,0.0,0.0,0.0,0.0,0.0,0.0,0.0,0.0,0.0,0.0,0.0
1629312,Haywood Highsmith,1610612756,PHX,29.0,4,17.8,3.25,2.0,1.25,3.0,0.0,0.75,2.0,0.0,0.0,0.0,0.0,0.0,0.25,0.25,0.5,0.5,0.25,0.5,0.5,1.0,0.5
1630529,Herbert Jones,1610612740,NOP,27.0,51,29.1,3.84,1.86,1.98,3.61,0.04,0.33,0.78,0.24,0.29,0.53,0.444,0.556,0.02,0.63,0.65,0.63,0.2,0.03,0.97,0.97,0.303
1642864,Hugo González,1610612738,BOS,20.0,65,15.6,2.68,1.62,1.06,1.03,0.03,0.37,0.86,0.14,0.15,0.29,0.474,0.526,0.08,0.14,0.22,0.22,0.11,0.357,0.643,1.0,0.5
1630621,Hunter Dickinson,1610612740,NOP,25.0,1,4.7,2.0,1.0,1.0,0.0,0.0,0.0,0.0,0.0,0.0,0.0,0.0,0.0,0.0,0.0,0.0,0.0,0.0,0.0,0.0,0.0,0.0
1642282,Hunter Sallis,1610612755,PHI,23.0,3,6.2,1.67,1.0,0.67,0.0,0.0,0.0,0.0,0.0,0.0,0.0,0.0,0.0,0.0,0.0,0.0,0.0,0.0,0.0,0.0,0.0,0.0
1641816,Hunter Tyson,1610612743,DEN,25.0,12,10.4,2.33,1.0,1.33,0.75,0.0,0.17,0.33,0.08,0.17,0.25,0.333,0.667,0.0,0.0,0.0,0.0,0.0,0.0,0.0,0.0,0.0
1630193,Immanuel Quickley,1610612761,TOR,26.0,67,32.4,3.52,1.84,1.69,2.3,0.0,0.51,1.06,0.19,0.28,0.48,0.406,0.594,0.01,0.34,0.36,0.36,0.19,0.042,0.958,1.0,0.542
1642403,Isaac Jones,1610612765,DET,25.0,3,7.3,2.0,1.67,0.33,0.33,0.0,0.0,0.0,0.0,0.0,0.0,0.0,0.0,0.0,0.0,0.0,0.0,0.0,0.0,0.0,0.0,0.0
1630171,Isaac Okoro,1610612741,CHI,25.0,57,26.9,5.21,3.47,1.74,1.49,0.19,0.49,1.04,0.3,0.16,0.46,0.654,0.346,0.05,0.72,0.79,0.77,0.26,0.067,0.911,1.0,0.341
1642268,Isaiah Collier,1610612762,UTA,21.0,56,26.2,2.7,0.82,1.88,1.75,0.02,0.16,0.39,0.18,0.13,0.3,0.588,0.412,0.0,0.07,0.07,0.07,0.05,0.0,1.0,1.0,0.75
1642384,Isaiah Crawford,1610612745,HOU,24.0,5,10.6,1.2,0.6,0.6,1.6,0.0,0.4,1.0,0.2,0.0,0.2,1.0,0.0,0.0,0.2,0.2,0.2,0.2,0.0,1.0,1.0,1.0
1628392,Isaiah Hartenstein,1610612760,OKC,27.0,42,24.9,6.88,4.86,2.02,2.07,0.02,3.38,7.83,0.4,0.21,0.62,0.654,0.346,0.79,1.43,2.26,2.19,1.57,0.347,0.632,0.989,0.71
1630543,Isaiah Jackson,1610612746,LAC,24.0,54,16.8,5.15,3.56,1.59,1.87,0.0,1.7,3.87,0.24,0.11,0.35,0.684,0.316,0.35,0.41,0.76,0.76,0.5,0.463,0.537,1.0,0.659
1630198,Isaiah Joe,1610612760,OKC,26.0,65,21.8,2.42,0.94,1.48,1.65,0.11,0.4,0.89,0.17,0.18,0.35,0.478,0.522,0.0,0.23,0.23,0.23,0.06,0.0,1.0,1.0,0.267
1630587,Isaiah Livers,1610612756,PHX,27.0,32,10.6,2.13,1.38,0.75,0.78,0.0,0.28,0.72,0.13,0.06,0.19,0.667,0.333,0.0,0.16,0.16,0.13,0.06,0.0,1.0,0.8,0.4
1641815,Isaiah Stevens,1610612758,SAC,25.0,3,14.3,1.0,0.0,1.0,1.67,0.0,0.0,0.0,0.0,0.0,0.0,0.0,0.0,0.0,0.0,0.0,0.0,0.0,0.0,0.0,0.0,0.0
1630191,Isaiah Stewart,1610612765,DET,24.0,55,23.2,9.31,6.82,2.49,0.58,0.0,1.49,3.55,0.16,0.16,0.33,0.5,0.5,0.44,1.0,1.44,1.44,1.0,0.304,0.696,1.0,0.696
1627826,Ivica Zubac,1610612754,IND,29.0,48,30.1,9.15,7.08,2.06,0.98,0.0,2.9,6.98,0.25,0.17,0.42,0.6,0.4,0.98,1.35,2.33,2.29,1.52,0.42,0.58,0.982,0.652
1631120,JD Davison,1610612745,HOU,23.0,16,9.6,1.69,0.88,0.81,0.56,0.06,0.13,0.25,0.0,0.13,0.13,0.0,1.0,0.06,0.0,0.06,0.06,0.06,1.0,0.0,1.0,1.0
1629630,Ja Morant,1610612763,MEM,26.0,20,28.4,1.7,0.8,0.9,2.4,0.1,0.05,0.1,0.35,0.2,0.55,0.636,0.364,0.0,0.3,0.3,0.3,0.1,0.0,1.0,1.0,0.333
1642266,Ja'Kobe Walter,1610612761,TOR,21.0,62,19.2,2.6,1.29,1.31,2.31,0.05,0.15,0.32,0.18,0.18,0.35,0.5,0.5,0.08,0.13,0.21,0.21,0.13,0.385,0.615,1.0,0.615
1631095,Jabari Smith Jr.,1610612745,HOU,22.0,69,35.2,6.1,4.13,1.97,1.57,0.0,0.45,1.07,0.23,0.28,0.51,0.457,0.543,0.14,0.49,0.64,0.62,0.41,0.227,0.773,0.977,0.636
1631133,Jabari Walker,1610612755,PHI,23.0,54,13.3,1.74,1.06,0.69,0.96,0.07,0.43,0.94,0.09,0.11,0.2,0.455,0.545,0.2,0.13,0.37,0.33,0.26,0.55,0.35,1.0,0.778
1631210,Jacob Toppin,1610612737,ATL,25.0,2,3.8,1.0,0.5,0.5,0.0,0.0,0.5,1.5,0.0,0.0,0.0,0.0,0.0,0.0,0.0,0.0,0.0,0.0,0.0,0.0,0.0,0.0
1630702,Jaden Hardy,1610612764,WAS,23.0,42,17.2,1.48,0.83,0.64,0.79,0.07,0.05,0.12,0.12,0.12,0.24,0.5,0.5,0.0,0.24,0.24,0.24,0.07,0.0,1.0,1.0,0.3
1631093,Jaden Ivey,1610612741,CHI,24.0,36,18.3,2.06,1.17,0.89,1.03,0.0,0.31,0.67,0.17,0.25,0.42,0.4,0.6,0.06,0.11,0.17,0.17,0.08,0.333,0.667,1.0,0.5
1630183,Jaden McDaniels,1610612750,MIN,25.0,71,31.9,6.13,3.68,2.45,2.15,0.0,0.25,0.59,0.28,0.35,0.63,0.444,0.556,0.0,0.14,0.14,0.14,0.01,0.0,1.0,1.0,0.1
1630256,Jae'Sean Tate,1610612745,HOU,30.0,31,9.2,1.58,0.87,0.71,0.68,0.06,0.26,0.61,0.26,0.13,0.39,0.667,0.333,0.06,0.26,0.32,0.29,0.16,0.2,0.8,0.9,0.5
1642942,Jahmai Mashack,1610612763,MEM,23.0,22,20.3,3.64,2.36,1.27,3.23,0.05,1.05,2.45,0.18,0.18,0.36,0.5,0.5,0.0,0.32,0.32,0.32,0.09,0.0,1.0,1.0,0.286
1642443,Jahmir Young,1610612748,MIA,25.0,7,6.0,1.29,0.43,0.86,0.57,0.0,0.0,0.0,0.14,0.0,0.14,1.0,0.0,0.0,0.0,0.0,0.0,0.0,0.0,0.0,0.0,0.0
1643141,Jahmyl Telfort,1610612746,LAC,24.0,3,3.6,0.33,0.33,0.0,0.33,0.0,0.0,0.0,0.0,0.0,0.0,0.0,0.0,0.0,0.33,0.33,0.33,0.0,0.0,1.0,1.0,0.0
1631170,Jaime Jaquez Jr.,1610612748,MIA,25.0,67,28.2,5.18,3.09,2.09,1.51,0.0,0.24,0.58,0.28,0.24,0.52,0.543,0.457,0.01,0.66,0.69,0.66,0.33,0.022,0.957,0.978,0.489
1631222,Jake LaRavia,1610612747,LAL,24.0,73,24.7,3.79,2.16,1.63,2.92,0.01,0.32,0.73,0.25,0.3,0.55,0.45,0.55,0.12,0.37,0.49,0.47,0.25,0.25,0.75,0.944,0.5
1627751,Jakob Poeltl,1610612761,TOR,30.0,36,25.5,6.78,4.97,1.81,2.53,0.06,3.39,7.5,0.22,0.28,0.5,0.444,0.556,0.83,1.47,2.31,2.25,1.56,0.361,0.639,0.976,0.675
1628973,Jalen Brunson,1610612752,NYK,29.0,68,35.0,3.12,1.16,1.96,1.53,0.41,0.41,0.97,0.21,0.32,0.53,0.389,0.611,0.0,0.19,0.19,0.19,0.06,0.0,1.0,1.0,0.308
1631105,Jalen Duren,1610612765,DET,22.0,63,28.0,8.67,5.94,2.73,1.6,0.0,2.49,5.83,0.46,0.32,0.78,0.592,0.408,0.98,1.35,2.33,2.33,1.78,0.422,0.578,1.0,0.762
1630224,Jalen Green,1610612756,PHX,24.0,23,27.6,3.13,1.39,1.74,1.35,0.0,0.13,0.35,0.17,0.09,0.26,0.667,0.333,0.0,0.09,0.09,0.09,0.09,0.0,1.0,1.0,1.0
1630552,Jalen Johnson,1610612737,ATL,24.0,65,35.4,4.89,2.95,1.94,2.48,0.03,0.74,1.75,0.25,0.2,0.45,0.552,0.448,0.05,0.62,0.66,0.66,0.46,0.07,0.93,1.0,0.698
1629618,Jalen Pickett,1610612743,DEN,26.0,32,20.8,2.41,1.19,1.22,0.75,0.0,0.5,1.16,0.13,0.13,0.25,0.5,0.5,0.06,0.28,0.34,0.34,0.22,0.182,0.818,1.0,0.636
1641771,Jalen Slawson,1610612754,IND,26.0,5,25.6,7.0,4.8,2.2,2.8,0.0,0.8,1.8,0.2,0.0,0.2,1.0,0.0,0.0,0.4,0.4,0.4,0.4,0.0,1.0,1.0,1.0
1630188,Jalen Smith,1610612741,CHI,26.0,53,20.7,5.92,4.15,1.77,0.68,0.08,1.3,3.0,0.13,0.23,0.36,0.368,0.632,0.51,1.17,1.68,1.68,1.25,0.303,0.697,1.0,0.742
1630591,Jalen Suggs,1610612753,ORL,24.0,48,27.1,3.29,1.85,1.44,3.33,0.1,0.17,0.33,0.44,0.33,0.77,0.568,0.432,0.08,0.15,0.23,0.23,0.15,0.364,0.636,1.0,0.636
1631114,Jalen Williams,1610612760,OKC,24.0,29,28.5,3.28,2.07,1.21,3.17,0.0,0.34,0.79,0.21,0.34,0.55,0.375,0.625,0.03,0.41,0.45,0.45,0.21,0.077,0.923,1.0,0.462
1630592,Jalen Wilson,1610612751,BKN,25.0,41,16.1,2.07,1.12,0.95,0.88,0.0,0.24,0.66,0.15,0.12,0.27,0.545,0.455,0.0,0.37,0.37,0.34,0.1,0.0,1.0,0.933,0.267
1631288,Jamal Cain,1610612753,ORL,27.0,26,11.7,2.42,1.46,0.96,1.08,0.0,0.12,0.23,0.04,0.0,0.04,1.0,0.0,0.08,0.15,0.23,0.23,0.12,0.333,0.667,1.0,0.5
1627750,Jamal Murray,1610612743,DEN,29.0,69,35.1,4.03,1.99,2.04,1.86,0.03,0.45,1.09,0.22,0.22,0.43,0.5,0.5,0.01,0.2,0.22,0.22,0.1,0.067,0.933,1.0,0.467
1642347,Jamal Shead,1610612761,TOR,23.0,72,22.2,2.15,0.74,1.42,2.13,0.07,0.28,0.64,0.14,0.15,0.29,0.476,0.524,0.0,0.17,0.17,0.17,0.04,0.0,1.0,1.0,0.25
1631123,Jamaree Bouyea,1610612756,PHX,26.0,34,15.6,2.12,1.21,0.91,1.68,0.0,0.09,0.24,0.15,0.15,0.29,0.5,0.5,0.0,0.12,0.12,0.12,0.0,0.0,1.0,1.0,0.0
201935,James Harden,1610612739,CLE,36.0,64,35.0,3.16,1.3,1.86,1.92,0.0,0.09,0.22,0.33,0.38,0.7,0.467,0.533,0.0,0.5,0.52,0.48,0.3,0.0,0.97,0.969,0.594
1630164,James Wiseman,1610612754,IND,24.0,4,14.6,4.75,3.25,1.5,0.0,0.0,1.0,2.25,0.25,0.25,0.5,0.5,0.5,0.25,0.75,1.0,1.0,0.25,0.25,0.75,1.0,0.25
1642364,Jamir Watkins,1610612764,WAS,24.0,39,20.1,3.67,2.41,1.26,2.54,0.1,0.26,0.64,0.03,0.33,0.36,0.071,0.929,0.0,0.26,0.26,0.26,0.13,0.0,1.0,1.0,0.5
1642419,Jamison Battle,1610612761,TOR,24.0,39,10.4,1.31,0.97,0.33,0.46,0.03,0.15,0.33,0.1,0.08,0.18,0.571,0.429,0.08,0.15,0.23,0.23,0.13,0.333,0.667,1.0,0.556
1641716,Jarace Walker,1610612754,IND,22.0,72,25.7,2.86,1.67,1.19,1.93,0.01,0.26,0.63,0.1,0.18,0.28,0.35,0.65,0.01,0.38,0.39,0.39,0.18,0.036,0.964,1.0,0.464
1642272,Jared McCain,1610612760,OKC,22.0,54,18.6,2.17,1.09,1.07,1.04,0.06,0.28,0.59,0.2,0.2,0.41,0.5,0.5,0.0,0.09,0.09,0.09,0.07,0.0,1.0,1.0,0.8
1628991,Jaren Jackson Jr.,1610612762,UTA,26.0,48,30.3,9.08,6.0,3.08,2.25,0.02,0.96,2.38,0.25,0.25,0.5,0.5,0.5,0.06,0.73,0.79,0.77,0.46,0.079,0.921,0.974,0.579
1629020,Jarred Vanderbilt,1610612747,LAL,26.0,56,17.8,2.23,1.55,0.68,1.77,0.0,0.75,1.88,0.23,0.29,0.52,0.448,0.552,0.13,0.23,0.36,0.36,0.27,0.35,0.65,1.0,0.75
1628386,Jarrett Allen,1610612739,CLE,27.0,52,27.4,8.04,6.4,1.63,2.48,0.02,2.63,5.94,0.4,0.29,0.69,0.583,0.417,0.38,1.04,1.42,1.42,0.88,0.27,0.73,1.0,0.622
1642859,Jase Richardson,1610612753,ORL,20.0,32,14.5,1.88,1.41,0.47,0.84,0.06,0.06,0.13,0.13,0.16,0.28,0.444,0.556,0.0,0.16,0.16,0.16,0.09,0.0,1.0,1.0,0.6
1642914,Javon Small,1610612763,MEM,23.0,34,21.4,2.88,1.06,1.82,1.79,0.0,0.06,0.12,0.15,0.21,0.35,0.417,0.583,0.0,0.12,0.12,0.12,0.03,0.0,1.0,1.0,0.25
1631451,Javonte Cooke,1610612757,POR,26.0,12,6.1,0.5,0.5,0.0,0.58,0.0,0.0,0.0,0.17,0.0,0.17,1.0,0.0,0.0,0.08,0.08,0.08,0.0,0.0,1.0,1.0,0.0
1629750,Javonte Green,1610612765,DET,32.0,70,18.2,1.83,0.87,0.96,2.7,0.0,0.2,0.44,0.21,0.39,0.6,0.357,0.643,0.04,0.3,0.34,0.34,0.17,0.125,0.875,1.0,0.5
1629637,Jaxson Hayes,1610612747,LAL,25.0,61,17.9,5.61,3.67,1.93,1.1,0.02,2.13,4.92,0.1,0.13,0.23,0.429,0.571,0.18,0.51,0.69,0.67,0.46,0.262,0.738,0.976,0.667
1630643,Jay Huff,1610612754,IND,28.0,73,21.1,8.44,6.51,1.93,0.85,0.01,1.85,4.11,0.15,0.08,0.23,0.647,0.353,0.21,1.14,1.34,1.3,0.59,0.153,0.847,0.979,0.443
1627759,Jaylen Brown,1610612738,BOS,29.0,65,34.3,4.78,1.86,2.92,1.82,0.02,0.35,0.88,0.51,0.35,0.86,0.589,0.411,0.02,0.77,0.78,0.78,0.46,0.02,0.98,1.0,0.588
1641740,Jaylen Clark,1610612750,MIN,24.0,58,12.8,2.24,1.4,0.84,1.28,0.0,0.16,0.38,0.14,0.09,0.22,0.615,0.385,0.09,0.1,0.19,0.19,0.14,0.455,0.545,1.0,0.727
1642377,Jaylen Wells,1610612763,MEM,22.0,69,26.4,3.48,1.87,1.61,1.61,0.0,0.25,0.55,0.19,0.3,0.49,0.382,0.618,0.06,0.19,0.25,0.23,0.1,0.235,0.765,0.941,0.412
1631119,Jaylin Williams,1610612760,OKC,23.0,59,20.0,7.39,4.83,2.56,0.97,0.25,1.41,3.17,0.12,0.15,0.27,0.438,0.563,0.05,1.05,1.12,1.05,0.69,0.045,0.939,0.954,0.631
1642281,Jaylon Tyson,1610612739,CLE,23.0,64,27.0,4.61,2.55,2.06,1.72,0.0,0.52,1.19,0.25,0.25,0.5,0.5,0.5,0.39,0.31,0.7,0.67,0.48,0.556,0.444,0.977,0.705
1628369,Jayson Tatum,1610612738,BOS,28.0,10,31.0,2.7,0.8,1.9,1.9,0.0,0.7,1.7,0.0,0.1,0.1,0.0,1.0,0.1,0.5,0.6,0.6,0.4,0.167,0.833,1.0,0.667
201145,Jeff Green,1610612745,HOU,39.0,18,6.2,1.67,0.67,1.0,0.28,0.0,0.22,0.5,0.0,0.0,0.0,0.0,0.0,0.0,0.17,0.17,0.17,0.11,0.0,1.0,1.0,0.667
203924,Jerami Grant,1610612757,POR,32.0,56,29.8,3.14,1.77,1.38,1.32,0.04,0.29,0.7,0.32,0.23,0.55,0.581,0.419,0.02,0.48,0.5,0.5,0.2,0.036,0.964,1.0,0.393
1642847,Jeremiah Fears,1610612740,NOP,19.0,74,24.9,3.07,1.46,1.61,2.51,0.01,0.07,0.15,0.15,0.22,0.36,0.407,0.593,0.05,0.2,0.26,0.26,0.09,0.211,0.789,1.0,0.368
1630526,Jeremiah Robinson-Earl,1610612742,DAL,25.0,21,17.0,3.24,1.81,1.43,0.57,0.0,0.29,0.71,0.29,0.05,0.33,0.857,0.143,0.19,0.38,0.57,0.57,0.38,0.333,0.667,1.0,0.667
1631110,Jeremy Sochan,1610612752,NYK,22.0,34,11.8,2.26,1.68,0.59,1.06,0.0,1.06,2.38,0.24,0.18,0.41,0.571,0.429,0.18,0.21,0.38,0.38,0.15,0.462,0.538,1.0,0.385
1630579,Jericho Sims,1610612749,MIL,27.0,51,19.9,3.63,2.33,1.29,0.65,0.0,1.94,4.37,0.14,0.12,0.25,0.538,0.462,0.57,0.75,1.31,1.29,0.96,0.433,0.567,0.985,0.731
1641724,Jett Howard,1610612753,ORL,22.0,45,13.8,2.11,1.4,0.71,0.62,0.0,0.09,0.18,0.16,0.13,0.29,0.538,0.462,0.02,0.13,0.16,0.16,0.11,0.143,0.857,1.0,0.714
1628975,Jevon Carter,1610612753,ORL,30.0,38,17.3,2.29,0.92,1.37,1.76,0.0,0.11,0.24,0.13,0.16,0.29,0.455,0.545,0.0,0.18,0.18,0.18,0.08,0.0,1.0,1.0,0.429
202710,Jimmy Butler III,1610612744,GSW,36.0,38,31.1,2.37,1.11,1.26,2.45,0.03,0.95,2.45,0.5,0.37,0.87,0.576,0.424,0.32,0.42,0.74,0.74,0.42,0.429,0.571,1.0,0.571
1642866,Joan Beringer,1610612750,MIN,19.0,30,7.2,2.77,1.97,0.8,0.27,0.0,0.53,1.27,0.1,0.0,0.1,1.0,0.0,0.13,0.37,0.5,0.5,0.37,0.267,0.733,1.0,0.733
1629111,Jock Landale,1610612737,ATL,30.0,66,22.1,5.03,4.03,1.0,1.03,0.02,2.11,4.98,0.2,0.12,0.32,0.619,0.381,0.92,1.21,2.14,2.14,1.42,0.433,0.567,1.0,0.667
204060,Joe Ingles,1610612750,MIN,38.0,10,6.2,0.8,0.3,0.5,0.6,0.0,0.1,0.2,0.0,0.0,0.0,0.0,0.0,0.0,0.0,0.0,0.0,0.0,0.0,0.0,0.0,0.0
203954,Joel Embiid,1610612755,PHI,32.0,34,31.1,7.85,6.0,1.85,1.0,0.03,3.56,8.68,0.38,0.18,0.56,0.684,0.316,0.29,1.18,1.47,1.47,1.09,0.2,0.8,1.0,0.74
1628381,John Collins,1610612746,LAC,28.0,61,27.3,5.52,2.87,2.66,1.66,0.02,0.67,1.61,0.25,0.21,0.46,0.536,0.464,0.25,0.33,0.59,0.57,0.36,0.417,0.556,1.0,0.629
1629723,John Konchar,1610612762,UTA,30.0,44,18.8,2.95,1.57,1.39,2.75,0.02,0.52,1.11,0.27,0.39,0.66,0.414,0.586,0.02,0.27,0.3,0.3,0.11,0.077,0.923,1.0,0.385
1642967,John Poulakidas,1610612742,DAL,22.0,5,13.6,2.0,1.0,1.0,0.4,0.0,0.2,0.4,0.2,0.4,0.6,0.333,0.667,0.0,0.0,0.0,0.0,0.0,0.0,0.0,0.0,0.0
1642910,John Tonje,1610612738,BOS,24.0,1,5.2,1.0,0.0,1.0,0.0,0.0,0.0,0.0,0.0,0.0,0.0,0.0,0.0,0.0,0.0,0.0,0.0,0.0,0.0,0.0,0.0,0.0
1641780,Johni Broome,1610612755,PHI,23.0,8,6.4,2.63,2.0,0.63,0.63,0.0,0.38,0.75,0.25,0.0,0.25,1.0,0.0,0.5,0.0,0.5,0.5,0.38,1.0,0.0,1.0,0.75
1642277,Johnny Furphy,1610612754,IND,21.0,33,19.4,3.7,2.97,0.73,1.09,0.0,0.48,1.09,0.18,0.27,0.45,0.4,0.6,0.15,0.33,0.48,0.48,0.3,0.313,0.688,1.0,0.625
1630548,Johnny Juzang,1610612750,MIN,25.0,14,4.8,0.86,0.57,0.29,0.43,0.0,0.07,0.21,0.07,0.0,0.07,1.0,0.0,0.0,0.07,0.07,0.07,0.07,0.0,1.0,1.0,1.0
202685,Jonas Valančiūnas,1610612743,DEN,33.0,57,13.5,3.89,3.32,0.58,0.26,0.0,1.51,3.49,0.12,0.12,0.25,0.5,0.5,0.56,0.81,1.37,1.33,1.02,0.41,0.59,0.974,0.744
1628371,Jonathan Isaac,1610612753,ORL,28.0,49,10.5,2.73,2.0,0.73,1.22,0.0,0.53,1.27,0.0,0.08,0.08,0.0,1.0,0.2,0.22,0.43,0.43,0.2,0.476,0.524,1.0,0.476
1630228,Jonathan Kuminga,1610612737,ATL,23.0,30,23.1,3.7,2.2,1.5,1.77,0.0,0.43,1.0,0.27,0.23,0.5,0.533,0.467,0.23,0.3,0.53,0.53,0.5,0.438,0.563,1.0,0.938
1642367,Jonathan Mogbo,1610612761,TOR,24.0,24,7.9,1.92,1.29,0.63,1.42,0.0,0.67,1.54,0.0,0.08,0.08,0.0,1.0,0.21,0.29,0.5,0.5,0.29,0.417,0.583,1.0,0.583
203903,Jordan Clarkson,1610612752,NYK,33.0,61,18.8,2.13,1.18,0.95,1.16,0.0,0.08,0.2,0.28,0.1,0.38,0.739,0.261,0.03,0.39,0.43,0.43,0.16,0.077,0.923,1.0,0.385
1630692,Jordan Goodwin,1610612756,PHX,27.0,63,22.5,2.25,1.22,1.03,3.73,0.02,0.25,0.6,0.38,0.32,0.7,0.545,0.455,0.14,0.35,0.49,0.49,0.29,0.29,0.71,1.0,0.581
1641722,Jordan Hawkins,1610612740,NOP,23.0,33,14.9,2.21,1.33,0.88,0.48,0.03,0.09,0.18,0.12,0.09,0.21,0.571,0.429,0.0,0.09,0.09,0.09,0.06,0.0,1.0,1.0,0.667
1629162,Jordan McLaughlin,1610612759,SAS,29.0,27,8.7,1.15,0.7,0.44,1.3,0.0,0.3,0.67,0.07,0.04,0.11,0.667,0.333,0.0,0.04,0.04,0.04,0.0,0.0,1.0,1.0,0.0
1641757,Jordan Miller,1610612746,LAC,26.0,50,22.3,3.4,1.44,1.96,1.42,0.02,0.16,0.34,0.16,0.14,0.3,0.533,0.467,0.06,0.14,0.2,0.2,0.1,0.3,0.7,1.0,0.5
1629673,Jordan Poole,1610612740,NOP,26.0,35,24.1,3.0,1.09,1.91,1.46,0.09,0.06,0.14,0.14,0.17,0.31,0.455,0.545,0.0,0.2,0.2,0.2,0.09,0.0,1.0,1.0,0.429
1641775,Jordan Walsh,1610612738,BOS,22.0,56,18.1,2.98,1.68,1.3,1.79,0.0,0.5,1.27,0.13,0.13,0.25,0.5,0.5,0.16,0.27,0.43,0.41,0.25,0.375,0.625,0.958,0.583
1630631,Jose Alvarado,1610612752,NYK,27.0,60,20.4,1.1,0.38,0.72,2.23,0.02,0.08,0.18,0.15,0.23,0.38,0.391,0.609,0.0,0.18,0.18,0.17,0.02,0.0,1.0,0.909,0.091
1630581,Josh Giddey,1610612741,CHI,23.0,51,32.1,4.84,1.82,3.02,1.9,0.04,0.1,0.22,0.41,0.29,0.71,0.583,0.417,0.0,0.27,0.27,0.27,0.2,0.0,1.0,1.0,0.714
1630182,Josh Green,1610612766,CHA,25.0,46,17.0,2.09,1.11,0.98,1.3,0.02,0.35,0.8,0.28,0.15,0.43,0.65,0.35,0.0,0.26,0.26,0.26,0.07,0.0,1.0,1.0,0.25
1628404,Josh Hart,1610612752,NYK,31.0,59,30.2,5.34,2.27,3.07,2.93,0.07,0.86,2.07,0.37,0.47,0.85,0.44,0.56,0.08,0.34,0.42,0.42,0.31,0.2,0.8,1.0,0.72
1631169,Josh Minott,1610612751,BKN,23.0,44,16.9,3.3,1.89,1.41,2.18,0.0,0.41,1.05,0.3,0.18,0.48,0.619,0.381,0.02,0.23,0.27,0.25,0.14,0.083,0.833,1.0,0.545
1629006,Josh Okogie,1610612745,HOU,27.0,65,18.5,2.05,1.18,0.86,1.75,0.03,0.18,0.38,0.38,0.31,0.69,0.556,0.444,0.08,0.11,0.18,0.18,0.08,0.417,0.583,1.0,0.417
201950,Jrue Holiday,1610612757,POR,35.0,44,29.0,2.45,1.0,1.45,2.36,0.0,0.2,0.48,0.34,0.27,0.61,0.556,0.444,0.02,0.3,0.32,0.32,0.14,0.071,0.929,1.0,0.429
1630577,Julian Champagnie,1610612759,SAS,24.0,73,27.7,4.05,2.51,1.55,1.52,0.0,0.81,1.73,0.16,0.4,0.56,0.293,0.707,0.05,0.48,0.53,0.53,0.37,0.103,0.897,1.0,0.692
1641763,Julian Phillips,1610612750,MIN,22.0,33,10.1,1.67,0.85,0.82,1.03,0.06,0.15,0.33,0.09,0.06,0.15,0.6,0.4,0.0,0.27,0.27,0.27,0.09,0.0,1.0,1.0,0.333
1642882,Julian Reese,1610612764,WAS,22.0,6,29.7,4.67,3.17,1.5,2.5,0.0,3.33,7.83,0.67,0.33,1.0,0.667,0.333,1.0,0.83,1.83,1.83,1.5,0.545,0.455,1.0,0.818
1631124,Julian Strawther,1610612743,DEN,23.0,39,16.7,1.82,1.03,0.79,1.21,0.0,0.15,0.38,0.1,0.18,0.28,0.364,0.636,0.0,0.1,0.1,0.1,0.03,0.0,1.0,1.0,0.25
203944,Julius Randle,1610612750,MIN,31.0,73,33.1,4.78,2.85,1.93,2.14,0.0,0.67,1.66,0.41,0.27,0.68,0.6,0.4,0.4,0.7,1.1,1.1,0.88,0.363,0.638,1.0,0.8
1630551,Justin Champagnie,1610612764,WAS,24.0,58,20.2,3.57,2.19,1.38,1.81,0.0,0.19,0.43,0.33,0.17,0.5,0.655,0.345,0.02,0.26,0.28,0.26,0.22,0.063,0.938,0.938,0.813
1642348,Justin Edwards,1610612755,PHI,22.0,49,17.7,1.57,0.78,0.8,1.84,0.02,0.39,0.9,0.04,0.18,0.22,0.182,0.818,0.02,0.14,0.16,0.16,0.1,0.125,0.875,1.0,0.625
203994,Jusuf Nurkić,1610612762,UTA,31.0,41,26.4,6.71,4.27,2.44,2.73,0.0,4.37,10.46,0.2,0.15,0.34,0.571,0.429,1.0,2.15,3.15,3.12,2.24,0.318,0.682,0.992,0.713
1642354,KJ Simpson,1610612743,DEN,23.0,14,17.0,1.71,0.86,0.86,2.0,0.07,0.29,0.71,0.14,0.21,0.36,0.4,0.6,0.0,0.21,0.21,0.21,0.0,0.0,1.0,1.0,0.0
1642955,Kadary Richmond,1610612764,WAS,24.0,3,22.3,2.33,1.0,1.33,3.33,0.0,1.33,3.0,0.0,0.0,0.0,0.0,0.0,0.0,0.0,0.0,0.0,0.0,0.0,0.0,0.0,0.0
1642880,Kam Jones,1610612754,IND,24.0,24,18.6,2.38,1.38,1.0,1.21,0.0,0.04,0.08,0.13,0.08,0.21,0.6,0.4,0.0,0.46,0.46,0.46,0.04,0.0,1.0,1.0,0.091
1626157,Karl-Anthony Towns,1610612752,NYK,30.0,69,30.9,5.78,3.99,1.8,1.99,0.03,1.78,4.09,0.26,0.3,0.57,0.462,0.538,0.87,1.48,2.35,2.33,1.91,0.37,0.63,0.994,0.815
1631255,Karlo Matković,1610612740,NOP,24.0,60,14.6,4.67,3.25,1.42,1.0,0.03,0.8,1.92,0.13,0.12,0.25,0.533,0.467,0.12,0.6,0.72,0.72,0.37,0.163,0.837,1.0,0.512
1642857,Kasparas Jakučionis,1610612748,MIA,19.0,46,18.0,3.02,1.61,1.41,1.74,0.07,0.02,0.04,0.15,0.3,0.46,0.333,0.667,0.04,0.2,0.24,0.24,0.07,0.182,0.818,1.0,0.273
202695,Kawhi Leonard,1610612746,LAC,34.0,58,32.2,3.81,1.62,2.19,3.45,0.0,0.17,0.41,0.41,0.28,0.69,0.6,0.4,0.03,0.45,0.48,0.48,0.22,0.071,0.929,1.0,0.464
1630811,Keaton Wallace,1610612737,ATL,27.0,37,12.3,1.92,0.81,1.11,0.97,0.0,0.14,0.3,0.08,0.24,0.32,0.25,0.75,0.03,0.24,0.27,0.24,0.05,0.1,0.9,0.9,0.2
1631099,Keegan Murray,1610612758,SAC,25.0,23,34.5,7.78,5.7,2.09,2.22,0.04,0.35,0.78,0.22,0.3,0.52,0.417,0.583,0.17,0.57,0.74,0.74,0.57,0.235,0.765,1.0,0.765
1642276,Kel'el Ware,1610612748,MIA,21.0,68,22.6,6.43,4.69,1.74,1.5,0.0,0.81,1.81,0.25,0.26,0.51,0.486,0.514,0.31,1.22,1.56,1.49,1.28,0.198,0.783,0.971,0.837
1629640,Keldon Johnson,1610612759,SAS,26.0,73,23.2,2.78,1.66,1.12,1.07,0.01,0.23,0.52,0.19,0.25,0.44,0.438,0.563,0.42,0.44,0.86,0.86,0.55,0.492,0.508,1.0,0.635
203482,Kelly Olynyk,1610612759,SAS,34.0,35,9.7,2.4,1.14,1.26,0.83,0.09,0.66,1.71,0.06,0.06,0.11,0.5,0.5,0.11,0.23,0.34,0.34,0.2,0.333,0.667,1.0,0.583
1626162,Kelly Oubre Jr.,1610612755,PHI,30.0,41,32.4,3.78,1.98,1.8,4.34,0.0,0.24,0.63,0.27,0.29,0.56,0.478,0.522,0.0,0.24,0.24,0.24,0.17,0.0,1.0,1.0,0.7
1631113,Kennedy Chandler,1610612762,UTA,23.0,3,33.5,3.33,1.0,2.33,3.33,0.33,0.0,0.0,0.33,0.0,0.33,1.0,0.0,0.0,0.0,0.0,0.0,0.0,0.0,0.0,0.0,0.0
1629026,Kenrich Williams,1610612760,OKC,31.0,47,15.8,1.96,0.91,1.04,1.4,0.13,0.81,1.83,0.13,0.09,0.21,0.6,0.4,0.17,0.36,0.53,0.53,0.28,0.32,0.68,1.0,0.52
203484,Kentavious Caldwell-Pope,1610612763,MEM,33.0,51,21.3,1.2,0.47,0.73,1.35,0.0,0.06,0.16,0.25,0.16,0.41,0.619,0.381,0.04,0.12,0.16,0.16,0.08,0.25,0.75,1.0,0.5
1631165,Keon Ellis,1610612739,CLE,26.0,63,20.4,2.92,1.41,1.51,2.84,0.0,0.32,0.68,0.16,0.24,0.4,0.4,0.6,0.0,0.03,0.03,0.03,0.0,0.0,1.0,1.0,0.0
1642352,Keshad Johnson,1610612748,MIA,24.0,20,9.8,2.2,1.65,0.55,0.8,0.0,0.4,0.9,0.15,0.05,0.2,0.75,0.25,0.05,0.3,0.35,0.35,0.2,0.143,0.857,1.0,0.571
1642933,Keshon Gilbert,1610612737,ATL,22.0,3,16.1,2.67,2.0,0.67,1.33,0.0,0.0,0.0,0.33,0.33,0.67,0.5,0.5,0.0,0.0,0.0,0.0,0.0,0.0,0.0,0.0,0.0
201142,Kevin Durant,1610612745,HOU,37.0,70,36.5,5.67,3.01,2.66,1.53,0.0,0.46,1.01,0.23,0.26,0.49,0.471,0.529,0.0,0.33,0.33,0.33,0.19,0.0,1.0,1.0,0.565
1628989,Kevin Huerter,1610612765,DET,27.0,61,22.2,3.84,2.03,1.8,1.75,0.02,0.33,0.74,0.1,0.2,0.3,0.333,0.667,0.0,0.34,0.34,0.34,0.2,0.0,1.0,1.0,0.571
201567,Kevin Love,1610612762,UTA,37.0,36,16.9,2.08,1.08,1.0,0.86,0.08,1.19,2.78,0.19,0.33,0.53,0.368,0.632,0.42,1.11,1.53,1.44,0.97,0.273,0.727,0.945,0.636
1641755,Kevin McCullar Jr.,1610612752,NYK,25.0,12,9.4,1.67,1.08,0.58,1.33,0.08,0.17,0.42,0.17,0.17,0.33,0.5,0.5,0.0,0.0,0.0,0.0,0.0,0.0,0.0,0.0,0.0
1629645,Kevin Porter Jr.,1610612749,MIL,25.0,38,33.2,5.05,2.74,2.32,3.68,0.0,0.08,0.16,0.37,0.66,1.03,0.359,0.641,0.08,0.18,0.26,0.26,0.13,0.3,0.7,1.0,0.5
1626172,Kevon Looney,1610612740,NOP,30.0,18,13.9,4.67,2.72,1.94,0.78,0.0,1.94,4.78,0.17,0.06,0.22,0.75,0.25,0.44,0.78,1.22,1.22,0.78,0.364,0.636,1.0,0.636
1641718,Keyonte George,1610612762,UTA,22.0,53,33.4,3.21,1.25,1.96,1.77,0.04,0.47,1.09,0.26,0.32,0.58,0.452,0.548,0.02,0.32,0.34,0.34,0.13,0.056,0.944,1.0,0.389
1642863,Khaman Maluach,1610612756,PHX,19.0,35,8.6,3.37,2.37,1.0,0.29,0.0,0.71,1.86,0.03,0.03,0.06,0.5,0.5,0.2,0.43,0.63,0.63,0.43,0.318,0.682,1.0,0.682
203114,Khris Middleton,1610612742,DAL,34.0,54,23.7,2.67,1.31,1.35,1.74,0.09,0.24,0.56,0.2,0.15,0.35,0.579,0.421,0.11,0.56,0.67,0.65,0.43,0.167,0.833,0.972,0.639
1630165,Killian Hayes,1610612758,SAC,24.0,14,17.4,2.43,1.43,1.0,1.71,0.07,0.21,0.5,0.14,0.07,0.21,0.667,0.333,0.0,0.07,0.07,0.07,0.0,0.0,1.0,1.0,0.0
202691,Klay Thompson,1610612742,DAL,36.0,60,21.6,2.32,1.32,1.0,0.68,0.0,0.27,0.57,0.07,0.15,0.22,0.308,0.692,0.0,0.12,0.12,0.12,0.03,0.0,1.0,1.0,0.286
1641738,Kobe Brown,1610612754,IND,26.0,43,16.2,2.16,1.28,0.88,0.81,0.07,0.21,0.47,0.14,0.14,0.28,0.5,0.5,0.16,0.37,0.56,0.51,0.42,0.292,0.667,0.957,0.783
1641723,Kobe Bufkin,1610612747,LAL,22.0,5,14.7,1.4,1.4,0.0,0.4,0.2,0.0,0.0,0.0,0.0,0.0,0.0,0.0,0.0,0.2,0.2,0.2,0.0,0.0,1.0,1.0,0.0
1642920,Kobe Sanders,1610612746,LAC,23.0,58,20.9,3.07,2.0,1.07,1.33,0.02,0.24,0.59,0.17,0.28,0.45,0.385,0.615,0.02,0.36,0.38,0.34,0.12,0.045,0.955,0.952,0.333
1642886,Koby Brea,1610612756,PHX,23.0,5,5.2,1.2,0.6,0.6,0.4,0.0,0.0,0.0,0.0,0.0,0.0,0.0,0.0,0.0,0.0,0.0,0.0,0.0,0.0,0.0,0.0,0.0
1642851,Kon Knueppel,1610612766,CHA,20.0,72,31.5,5.29,3.56,1.74,1.94,0.04,0.5,1.14,0.43,0.24,0.67,0.646,0.354,0.04,0.4,0.44,0.43,0.14,0.094,0.906,0.969,0.313
1627739,Kris Dunn,1610612746,LAC,32.0,74,27.4,3.23,1.28,1.95,3.68,0.0,0.54,1.26,0.15,0.3,0.45,0.333,0.667,0.03,0.15,0.18,0.18,0.08,0.154,0.846,1.0,0.462
1631200,Kris Murray,1610612757,POR,25.0,48,24.0,3.42,2.54,0.88,1.94,0.04,0.31,0.73,0.19,0.31,0.5,0.375,0.625,0.4,0.56,0.96,0.94,0.48,0.413,0.587,0.978,0.5
204001,Kristaps Porziņģis,1610612744,GSW,30.0,26,23.5,9.35,7.04,2.31,1.38,0.0,1.46,3.27,0.15,0.08,0.23,0.667,0.333,0.23,1.27,1.5,1.5,0.88,0.154,0.846,1.0,0.59
203937,Kyle Anderson,1610612750,MIN,32.0,35,19.7,3.51,1.97,1.54,2.46,0.0,1.63,3.77,0.06,0.09,0.14,0.4,0.6,0.09,0.6,0.69,0.69,0.4,0.125,0.875,1.0,0.583
1642271,Kyle Filipowski,1610612762,UTA,22.0,69,23.2,5.65,3.3,2.35,1.67,0.04,1.39,3.19,0.26,0.1,0.36,0.72,0.28,0.22,0.81,1.03,1.03,0.8,0.211,0.789,1.0,0.775
1628398,Kyle Kuzma,1610612749,MIL,30.0,64,26.5,3.75,2.33,1.42,0.84,0.03,0.48,1.13,0.09,0.13,0.22,0.429,0.571,0.13,0.52,0.64,0.64,0.39,0.195,0.805,1.0,0.61
200768,Kyle Lowry,1610612755,PHI,40.0,9,10.1,0.78,0.44,0.33,0.33,0.0,0.44,1.11,0.0,0.0,0.0,0.0,0.0,0.0,0.11,0.11,0.11,0.0,0.0,1.0,1.0,0.0
1642273,Kyshawn George,1610612764,WAS,22.0,48,29.0,6.75,3.85,2.9,2.5,0.13,0.56,1.35,0.23,0.31,0.54,0.423,0.577,0.08,0.63,0.71,0.69,0.25,0.118,0.882,0.971,0.353
1643018,LJ Cryer,1610612744,GSW,24.0,9,15.7,0.78,0.33,0.44,0.78,0.0,0.11,0.22,0.11,0.22,0.33,0.333,0.667,0.0,0.11,0.11,0.11,0.0,0.0,1.0,1.0,0.0
1630163,LaMelo Ball,1610612766,CHA,24.0,60,28.1,2.0,1.12,0.88,2.18,0.0,0.3,0.75,0.23,0.33,0.57,0.412,0.588,0.02,0.27,0.28,0.27,0.17,0.059,0.941,1.0,0.625
1642950,Lachlan Olbrich,1610612741,CHI,22.0,23,7.1,1.57,1.04,0.52,0.43,0.0,0.48,1.13,0.22,0.0,0.22,1.0,0.0,0.04,0.48,0.52,0.48,0.13,0.083,0.917,0.917,0.25
1629013,Landry Shamet,1610612752,NYK,29.0,45,23.5,3.82,2.07,1.76,1.47,0.02,0.42,0.98,0.04,0.13,0.18,0.25,0.75,0.02,0.38,0.4,0.38,0.07,0.056,0.944,0.944,0.167
1626204,Larry Nance Jr.,1610612739,CLE,33.0,28,12.4,1.5,0.93,0.57,1.39,0.07,0.46,1.11,0.18,0.11,0.29,0.625,0.375,0.14,0.29,0.43,0.43,0.21,0.333,0.667,1.0,0.5
1628374,Lauri Markkanen,1610612762,UTA,28.0,42,34.3,5.98,4.31,1.67,1.69,0.0,1.19,2.9,0.17,0.26,0.43,0.389,0.611,0.12,0.62,0.74,0.74,0.5,0.161,0.839,1.0,0.677
1643133,Lawson Lovering,1610612763,MEM,22.0,2,24.6,6.0,6.0,0.0,2.0,0.0,4.0,8.5,0.5,0.5,1.0,0.5,0.5,0.0,1.0,1.0,1.0,0.5,0.0,1.0,1.0,0.5
2544,LeBron James,1610612747,LAL,41.0,52,33.5,2.62,1.4,1.21,1.73,0.0,0.58,1.38,0.37,0.31,0.67,0.543,0.457,0.06,0.35,0.4,0.4,0.31,0.143,0.857,1.0,0.762
1641778,Leaky Black,1610612764,WAS,26.0,7,30.9,3.86,2.71,1.14,2.14,0.0,0.71,1.43,0.0,0.0,0.0,0.0,0.0,0.0,0.14,0.14,0.14,0.0,0.0,1.0,1.0,0.0
1631159,Leonard Miller,1610612741,CHI,22.0,28,15.4,3.61,2.0,1.61,0.71,0.0,0.54,0.93,0.18,0.11,0.29,0.625,0.375,0.07,0.29,0.36,0.32,0.21,0.2,0.8,0.9,0.6
1642862,Liam McNeeley,1610612766,CHA,20.0,23,13.2,2.61,1.65,0.96,0.52,0.0,0.17,0.39,0.09,0.09,0.17,0.5,0.5,0.04,0.26,0.3,0.3,0.13,0.143,0.857,1.0,0.429
1630322,Lindy Waters III,1610612759,SAS,28.0,26,9.3,1.04,0.54,0.5,0.35,0.08,0.42,0.85,0.04,0.04,0.08,0.5,0.5,0.0,0.27,0.27,0.27,0.12,0.0,1.0,1.0,0.429
1628366,Lonzo Ball,1610612739,CLE,28.0,35,20.8,2.74,1.34,1.4,2.2,0.0,0.57,1.4,0.23,0.37,0.6,0.381,0.619,0.17,0.34,0.51,0.51,0.43,0.333,0.667,1.0,0.833
1629652,Luguentz Dort,1610612760,OKC,26.0,61,27.4,3.9,1.38,2.52,1.54,0.03,1.03,2.36,0.07,0.15,0.21,0.308,0.692,0.1,0.33,0.43,0.43,0.2,0.231,0.769,1.0,0.462
1629029,Luka Dončić,1610612747,LAL,27.0,61,35.9,4.97,2.39,2.57,3.08,0.21,0.08,0.16,0.25,0.36,0.61,0.405,0.595,0.02,0.28,0.3,0.28,0.2,0.056,0.944,1.0,0.706
1630568,Luka Garza,1610612738,BOS,27.0,62,16.0,4.21,3.24,0.97,1.35,0.08,2.47,5.71,0.23,0.05,0.27,0.824,0.176,0.66,0.98,1.65,1.65,0.85,0.402,0.598,1.0,0.52
1628379,Luke Kennard,1610612747,LAL,29.0,68,21.2,2.19,1.16,1.03,1.34,0.0,0.47,1.12,0.1,0.1,0.21,0.5,0.5,0.01,0.21,0.22,0.22,0.07,0.067,0.933,1.0,0.333
1628436,Luke Kornet,1610612759,SAS,30.0,61,21.1,9.49,7.49,2.0,0.79,0.07,3.56,8.03,0.1,0.08,0.18,0.545,0.455,0.67,0.77,1.44,1.44,1.13,0.466,0.534,1.0,0.784
1631247,Luke Travers,1610612739,CLE,24.0,10,9.4,1.7,1.3,0.4,1.1,0.0,0.2,0.5,0.2,0.1,0.3,0.667,0.333,0.0,0.0,0.0,0.0,0.0,0.0,0.0,0.0,0.0
1630644,Mac McClung,1610612741,CHI,27.0,3,15.0,3.33,2.33,1.0,1.67,0.0,0.0,0.0,0.0,0.33,0.33,0.0,1.0,0.0,0.0,0.0,0.0,0.0,0.0,0.0,0.0,0.0
1641869,Malachi Smith,1610612751,BKN,26.0,7,19.3,1.86,1.0,0.86,2.43,0.0,0.0,0.0,0.0,0.14,0.14,0.0,1.0,0.0,0.14,0.14,0.14,0.0,0.0,1.0,1.0,0.0
1631103,Malaki Branham,1610612764,WAS,22.0,23,11.4,1.91,1.09,0.83,0.52,0.0,0.13,0.35,0.22,0.13,0.35,0.625,0.375,0.0,0.09,0.09,0.09,0.09,0.0,1.0,1.0,1.0
1642502,Malevy Leons,1610612744,GSW,26.0,16,10.2,2.25,1.63,0.63,0.88,0.0,0.06,0.19,0.13,0.13,0.25,0.5,0.5,0.06,0.38,0.44,0.44,0.25,0.143,0.857,1.0,0.571
1628370,Malik Monk,1610612758,SAC,28.0,55,22.9,2.75,1.55,1.2,1.42,0.02,0.31,0.67,0.22,0.15,0.36,0.6,0.4,0.02,0.07,0.09,0.07,0.0,0.2,0.8,1.0,0.0
1630699,MarJon Beauchamp,1610612755,PHI,25.0,11,17.0,2.18,0.91,1.27,1.55,0.0,0.27,0.64,0.09,0.27,0.36,0.25,0.75,0.0,0.0,0.0,0.0,0.0,0.0,0.0,0.0,0.0
1631204,Marcus Sasser,1610612765,DET,25.0,23,14.6,1.35,0.61,0.74,1.39,0.0,0.0,0.0,0.09,0.13,0.22,0.4,0.6,0.0,0.13,0.13,0.13,0.0,0.0,1.0,1.0,0.0
203935,Marcus Smart,1610612747,LAL,32.0,60,28.7,3.05,1.2,1.85,2.73,0.33,0.62,1.5,0.27,0.33,0.6,0.444,0.556,0.02,0.63,0.65,0.63,0.17,0.026,0.974,0.974,0.256
1641813,Mark Sears,1610612749,MIL,24.0,4,4.9,1.0,0.5,0.5,0.5,0.0,0.0,0.0,0.25,0.0,0.25,1.0,0.0,0.0,0.0,0.0,0.0,0.0,0.0,0.0,0.0,0.0
1631109,Mark Williams,1610612756,PHX,24.0,56,23.6,8.32,5.75,2.57,2.29,0.0,2.46,5.77,0.21,0.23,0.45,0.48,0.52,0.3,1.05,1.36,1.34,0.89,0.224,0.776,0.987,0.658
1628365,Markelle Fultz,1610612761,TOR,27.0,2,12.4,1.0,0.0,1.0,1.5,0.0,0.0,0.0,0.0,0.0,0.0,0.0,0.0,0.0,0.0,0.0,0.0,0.0,0.0,0.0,0.0,0.0
1628963,Marvin Bagley III,1610612742,DAL,27.0,55,19.8,5.95,4.11,1.84,0.93,0.13,3.04,7.18,0.24,0.15,0.38,0.619,0.381,0.47,0.76,1.24,1.24,0.98,0.382,0.618,1.0,0.794
203486,Mason Plumlee,1610612759,SAS,36.0,16,9.1,2.31,1.63,0.69,0.69,0.06,1.13,2.56,0.19,0.0,0.19,1.0,0.0,0.38,0.25,0.63,0.63,0.56,0.6,0.4,1.0,0.9
1641824,Matas Buzelis,1610612741,CHI,21.0,72,29.2,7.96,5.15,2.81,1.38,0.03,0.38,0.88,0.24,0.19,0.43,0.548,0.452,0.04,0.33,0.38,0.36,0.22,0.111,0.889,0.963,0.593
1629680,Matisse Thybulle,1610612757,POR,29.0,22,14.0,1.27,0.45,0.82,3.77,0.05,0.14,0.27,0.23,0.14,0.36,0.625,0.375,0.0,0.14,0.14,0.14,0.05,0.0,1.0,1.0,0.333
1631108,Max Christie,1610612742,DAL,23.0,68,29.5,4.94,3.07,1.87,1.01,0.03,0.71,1.53,0.13,0.18,0.31,0.429,0.571,0.0,0.18,0.18,0.18,0.09,0.0,1.0,1.0,0.5
1642917,Max Shulga,1610612738,BOS,23.0,2,2.1,1.0,0.5,0.5,0.0,0.0,0.0,0.0,0.0,0.0,0.0,0.0,0.0,0.0,0.0,0.0,0.0,0.0,0.0,0.0,0.0,0.0
1629622,Max Strus,1610612739,CLE,29.0,6,23.9,2.83,1.33,1.5,1.0,0.0,0.83,1.0,0.17,0.0,0.17,1.0,0.0,0.0,0.5,0.5,0.5,0.0,0.0,1.0,1.0,0.0
1628467,Maxi Kleber,1610612747,LAL,34.0,34,11.5,3.21,2.35,0.85,0.68,0.03,1.41,3.32,0.09,0.06,0.15,0.6,0.4,0.21,0.41,0.62,0.59,0.26,0.333,0.667,0.952,0.429
1642875,Maxime Raynaud,1610612758,SAC,22.0,66,26.0,7.36,4.97,2.39,1.12,0.0,2.82,6.27,0.15,0.18,0.33,0.455,0.545,0.38,0.88,1.26,1.26,0.95,0.301,0.699,1.0,0.759
1642877,Micah Peavy,1610612740,NOP,24.0,44,15.4,1.86,1.11,0.75,1.39,0.02,0.14,0.32,0.16,0.14,0.3,0.538,0.462,0.07,0.25,0.32,0.3,0.16,0.214,0.786,1.0,0.538
1630695,Micah Potter,1610612754,IND,27.0,38,19.0,6.39,4.79,1.61,0.84,0.0,1.74,3.95,0.11,0.13,0.24,0.444,0.556,0.13,0.84,0.97,0.97,0.61,0.135,0.865,1.0,0.622
1629008,Michael Porter Jr.,1610612751,BKN,27.0,52,32.5,3.19,1.9,1.29,1.87,0.0,0.65,1.46,0.31,0.29,0.6,0.516,0.484,0.27,0.38,0.65,0.65,0.54,0.412,0.588,1.0,0.824
1628969,Mikal Bridges,1610612752,NYK,29.0,74,33.4,5.39,3.47,1.92,2.27,0.01,0.26,0.55,0.24,0.24,0.49,0.5,0.5,0.0,0.55,0.55,0.55,0.12,0.0,1.0,1.0,0.22
201144,Mike Conley,1610612750,MIN,38.0,47,18.2,2.19,1.21,0.98,1.17,0.0,0.32,0.74,0.19,0.13,0.32,0.6,0.4,0.0,0.15,0.15,0.15,0.06,0.0,1.0,1.0,0.429
1628970,Miles Bridges,1610612766,CHA,28.0,68,31.5,5.94,3.32,2.62,1.28,0.0,0.54,1.4,0.32,0.21,0.53,0.611,0.389,0.06,0.51,0.57,0.57,0.32,0.103,0.897,1.0,0.564
1642939,Miles Kelly,1610612742,DAL,23.0,10,11.9,1.2,0.9,0.3,0.7,0.0,0.1,0.2,0.3,0.1,0.4,0.75,0.25,0.0,0.3,0.3,0.3,0.2,0.0,1.0,1.0,0.667
1630540,Miles McBride,1610612752,NYK,25.0,35,28.0,4.4,2.6,1.8,1.83,0.0,0.49,1.14,0.31,0.26,0.57,0.55,0.45,0.0,0.29,0.29,0.26,0.03,0.0,1.0,0.9,0.1
1629011,Mitchell Robinson,1610612752,NYK,27.0,55,19.6,4.27,2.69,1.58,2.05,0.0,2.4,5.42,0.35,0.18,0.53,0.655,0.345,1.44,1.24,2.67,2.65,2.11,0.537,0.463,0.993,0.789
1628964,Mo Bamba,1610612762,UTA,27.0,4,11.0,5.0,2.75,2.25,0.25,0.0,0.25,0.5,0.0,0.5,0.5,0.0,1.0,0.25,0.5,0.75,0.75,0.75,0.333,0.667,1.0,1.0
1642885,Mohamed Diawara,1610612752,NYK,20.0,43,11.6,1.58,1.0,0.58,0.6,0.0,0.21,0.47,0.07,0.05,0.12,0.6,0.4,0.05,0.21,0.26,0.26,0.05,0.182,0.818,1.0,0.182
1628420,Monte Morris,1610612754,IND,30.0,5,12.5,1.6,0.6,1.0,1.0,0.0,0.0,0.0,0.2,0.0,0.2,1.0,0.0,0.0,0.0,0.0,0.0,0.0,0.0,0.0,0.0,0.0
1629021,Moritz Wagner,1610612753,ORL,28.0,30,13.0,2.03,1.43,0.6,1.23,0.17,0.8,1.83,0.17,0.23,0.4,0.417,0.583,0.2,0.5,0.7,0.7,0.47,0.286,0.714,1.0,0.667
1630541,Moses Moody,1610612744,GSW,23.0,59,25.7,3.66,2.37,1.29,2.44,0.05,0.17,0.41,0.37,0.41,0.78,0.478,0.522,0.03,0.44,0.47,0.47,0.17,0.071,0.929,1.0,0.357
1631243,Mouhamed Gueye,1610612737,ATL,23.0,69,15.3,3.57,2.14,1.42,1.8,0.03,0.7,1.64,0.16,0.17,0.33,0.478,0.522,0.16,0.67,0.83,0.83,0.46,0.193,0.807,1.0,0.561
1630619,Moussa Cisse,1610612742,DAL,23.0,33,12.9,5.0,3.76,1.24,0.97,0.0,1.82,4.33,0.27,0.15,0.42,0.643,0.357,0.48,0.61,1.09,1.09,0.82,0.444,0.556,1.0,0.75
1631217,Moussa Diabaté,1610612766,CHA,24.0,65,26.0,7.6,5.15,2.45,1.38,0.0,2.88,6.88,0.4,0.15,0.55,0.722,0.278,1.38,1.09,2.48,2.42,1.62,0.559,0.441,0.975,0.652
1626167,Myles Turner,1610612749,MIL,30.0,66,27.1,7.92,5.92,2.0,1.83,0.0,1.77,4.32,0.12,0.14,0.26,0.471,0.529,0.23,1.18,1.41,1.41,0.71,0.161,0.839,1.0,0.505
1642066,Myron Gardner,1610612748,MIA,24.0,33,11.6,1.79,1.12,0.67,1.3,0.0,0.06,0.15,0.12,0.06,0.18,0.667,0.333,0.15,0.18,0.33,0.33,0.15,0.455,0.545,1.0,0.455
1642368,N'Faly Dante,1610612737,ATL,24.0,4,3.9,1.0,1.0,0.0,0.5,0.0,0.25,0.75,0.0,0.0,0.0,0.0,0.0,0.0,0.25,0.25,0.25,0.25,0.0,1.0,1.0,1.0
1641772,Nae'Qwan Tomlin,1610612739,CLE,25.0,54,16.1,2.57,1.44,1.13,1.93,0.0,0.46,1.13,0.22,0.15,0.37,0.6,0.4,0.17,0.37,0.54,0.54,0.28,0.31,0.69,1.0,0.517
1630230,Naji Marshall,1610612742,DAL,28.0,70,29.7,3.94,1.94,2.0,1.77,0.0,0.34,0.76,0.23,0.27,0.5,0.457,0.543,0.09,0.43,0.51,0.51,0.27,0.167,0.833,1.0,0.528
1631466,Nate Williams,1610612744,GSW,27.0,10,13.4,2.0,0.8,1.2,1.2,0.0,0.0,0.0,0.2,0.1,0.3,0.667,0.333,0.2,0.1,0.3,0.3,0.2,0.667,0.333,1.0,0.667
1629675,Naz Reid,1610612750,MIN,26.0,69,26.4,5.78,3.57,2.22,1.71,0.04,0.57,1.39,0.23,0.26,0.49,0.471,0.529,0.12,0.78,0.9,0.87,0.51,0.129,0.871,0.968,0.565
1629674,Neemias Queta,1610612738,BOS,26.0,69,25.2,7.7,5.64,2.06,1.74,0.0,3.61,8.83,0.16,0.13,0.29,0.55,0.45,0.71,1.36,2.07,2.07,1.23,0.343,0.657,1.0,0.594
1629651,Nic Claxton,1610612751,BKN,26.0,65,28.1,7.38,4.83,2.55,1.82,0.0,2.92,7.17,0.29,0.12,0.42,0.704,0.296,0.58,0.66,1.25,1.23,0.98,0.469,0.531,0.988,0.79
1630208,Nick Richards,1610612741,CHI,28.0,47,14.9,4.13,3.0,1.13,0.7,0.0,1.89,4.4,0.11,0.02,0.13,0.833,0.167,0.28,0.53,0.81,0.79,0.62,0.342,0.658,0.974,0.763
1641733,Nick Smith Jr.,1610612747,LAL,21.0,20,15.1,1.6,0.6,1.0,0.5,0.0,0.25,0.55,0.1,0.2,0.3,0.333,0.667,0.0,0.0,0.0,0.0,0.0,0.0,0.0,0.0,0.0
1629638,Nickeil Alexander-Walker,1610612737,ATL,27.0,71,33.2,3.25,2.2,1.06,3.48,0.06,0.48,1.04,0.34,0.35,0.69,0.49,0.51,0.01,0.45,0.46,0.45,0.18,0.03,0.97,0.97,0.394
201587,Nicolas Batum,1610612746,LAC,37.0,64,18.8,3.14,1.81,1.33,1.44,0.0,0.2,0.44,0.09,0.14,0.23,0.4,0.6,0.02,0.25,0.27,0.25,0.13,0.059,0.941,0.941,0.471
1628502,Nigel Hayes-Davis,1610612756,PHX,31.0,18,9.5,1.17,0.94,0.22,1.0,0.0,0.33,0.89,0.17,0.11,0.28,0.6,0.4,0.0,0.11,0.11,0.11,0.06,0.0,1.0,1.0,0.5
203999,Nikola Jokić,1610612743,DEN,31.0,58,34.8,5.69,3.79,1.9,2.78,0.02,3.41,7.97,0.34,0.26,0.6,0.571,0.429,0.57,1.76,2.33,2.31,1.84,0.244,0.756,1.0,0.799
1631107,Nikola Jović,1610612748,MIA,22.0,41,19.1,4.66,3.05,1.61,1.02,0.02,0.24,0.59,0.1,0.1,0.2,0.5,0.5,0.07,0.44,0.51,0.51,0.29,0.143,0.857,1.0,0.571
1642260,Nikola Topić,1610612760,OKC,20.0,4,11.8,1.5,1.0,0.5,0.25,0.0,0.0,0.0,0.25,0.0,0.25,1.0,0.0,0.0,0.25,0.25,0.25,0.25,0.0,1.0,1.0,1.0
202696,Nikola Vučević,1610612738,BOS,35.0,60,29.0,8.1,5.37,2.73,1.43,0.02,2.2,4.75,0.17,0.1,0.27,0.625,0.375,0.38,1.58,1.97,1.93,1.4,0.195,0.805,0.983,0.712
1642363,Nique Clifford,1610612758,SAC,24.0,67,23.9,4.24,2.22,2.01,1.93,0.12,0.34,0.78,0.16,0.22,0.39,0.423,0.577,0.04,0.19,0.24,0.24,0.18,0.188,0.813,1.0,0.75
1642855,Noa Essengue,1610612741,CHI,19.0,1,3.9,1.0,1.0,0.0,0.0,0.0,0.0,0.0,0.0,0.0,0.0,0.0,0.0,1.0,0.0,1.0,1.0,0.0,1.0,0.0,1.0,0.0
1641730,Noah Clowney,1610612751,BKN,21.0,62,27.3,6.31,3.95,2.35,1.68,0.06,0.35,0.84,0.16,0.24,0.4,0.4,0.6,0.03,0.53,0.56,0.56,0.29,0.057,0.943,1.0,0.514
1642869,Noah Penda,1610612753,ORL,21.0,46,14.7,2.89,2.02,0.87,1.2,0.0,0.39,0.87,0.17,0.28,0.46,0.381,0.619,0.22,0.26,0.48,0.48,0.41,0.455,0.545,1.0,0.864
1642849,Nolan Traore,1610612751,BKN,19.0,48,22.4,3.69,2.83,0.85,1.27,0.02,0.15,0.33,0.21,0.13,0.33,0.625,0.375,0.02,0.27,0.29,0.25,0.04,0.071,0.929,0.857,0.143
1641807,Norchad Omier,1610612746,LAC,24.0,3,4.7,1.0,0.67,0.33,0.67,0.0,0.67,1.33,0.0,0.0,0.0,0.0,0.0,0.0,0.0,0.0,0.0,0.0,0.0,0.0,0.0,0.0
1626181,Norman Powell,1610612748,MIA,32.0,54,30.4,2.41,1.15,1.26,2.65,0.0,0.2,0.46,0.17,0.35,0.52,0.321,0.679,0.0,0.35,0.35,0.33,0.2,0.0,1.0,0.947,0.579
1628384,OG Anunoby,1610612752,NYK,28.0,60,33.2,6.93,3.87,3.07,2.85,0.05,0.33,0.8,0.33,0.37,0.7,0.476,0.524,0.08,1.03,1.12,1.12,0.65,0.075,0.925,1.0,0.582
1630167,Obi Toppin,1610612754,IND,28.0,16,17.3,2.56,1.31,1.25,0.75,0.0,0.56,1.13,0.13,0.19,0.31,0.4,0.6,0.0,0.31,0.31,0.31,0.13,0.0,1.0,1.0,0.4
1630534,Ochai Agbaji,1610612751,BKN,25.0,53,16.5,3.49,2.25,1.25,1.25,0.0,0.23,0.51,0.11,0.08,0.19,0.6,0.4,0.0,0.21,0.21,0.21,0.06,0.0,1.0,1.0,0.273
1641765,Olivier-Maxence Prosper,1610612763,MEM,23.0,45,20.1,4.22,2.82,1.4,1.13,0.02,1.31,3.24,0.27,0.16,0.42,0.632,0.368,0.07,0.71,0.78,0.78,0.36,0.086,0.914,1.0,0.457
1630209,Omer Yurtseven,1610612744,GSW,27.0,5,11.2,2.4,2.0,0.4,0.8,0.2,1.4,3.2,0.4,0.2,0.6,0.667,0.333,0.6,0.2,0.8,0.8,0.8,0.75,0.25,1.0,1.0
1630168,Onyeka Okongwu,1610612737,ATL,25.0,68,31.0,7.54,5.16,2.38,2.41,0.03,2.09,4.94,0.43,0.34,0.76,0.558,0.442,0.22,1.13,1.35,1.34,0.88,0.163,0.837,0.989,0.652
1631115,Orlando Robinson,1610612753,ORL,25.0,4,6.2,1.75,1.5,0.25,0.5,0.0,0.5,1.25,0.0,0.0,0.0,0.0,0.0,0.25,0.0,0.25,0.25,0.25,1.0,0.0,1.0,1.0
1631131,Oscar Tshiebwe,1610612762,UTA,26.0,18,14.3,2.89,1.94,0.94,1.17,0.0,1.39,3.11,0.22,0.11,0.33,0.667,0.333,0.33,0.17,0.56,0.5,0.44,0.6,0.3,1.0,0.889
1642345,Oso Ighodaro,1610612756,PHX,23.0,73,22.0,5.23,3.82,1.41,2.16,0.0,3.1,7.67,0.21,0.18,0.38,0.536,0.464,0.18,0.68,0.86,0.86,0.45,0.206,0.794,1.0,0.524
1631172,Ousmane Dieng,1610612749,MIL,22.0,45,17.1,3.87,2.33,1.53,1.07,0.0,0.18,0.42,0.09,0.13,0.22,0.4,0.6,0.0,0.16,0.18,0.16,0.07,0.0,0.875,1.0,0.429
1629023,P.J. Washington,1610612742,DAL,27.0,54,31.1,6.76,4.06,2.7,1.89,0.02,0.7,1.54,0.22,0.33,0.56,0.4,0.6,0.11,0.63,0.74,0.74,0.5,0.15,0.85,1.0,0.675
1641790,PJ Hall,1610612766,CHA,24.0,17,12.5,4.65,3.06,1.59,0.29,0.0,0.88,2.35,0.12,0.18,0.29,0.4,0.6,0.53,0.59,1.12,1.06,0.71,0.474,0.526,1.0,0.667
1642359,Pacôme Dadiet,1610612752,NYK,20.0,13,5.1,0.77,0.54,0.23,0.69,0.0,0.0,0.0,0.0,0.15,0.15,0.0,1.0,0.0,0.08,0.08,0.08,0.0,0.0,1.0,1.0,0.0
1631094,Paolo Banchero,1610612753,ORL,23.0,63,35.0,6.27,3.78,2.49,1.17,0.0,0.9,2.03,0.37,0.14,0.51,0.719,0.281,0.08,0.59,0.67,0.67,0.49,0.119,0.881,1.0,0.738
1627783,Pascal Siakam,1610612754,IND,31.0,59,33.4,5.78,3.8,1.98,2.22,0.0,0.78,1.88,0.32,0.24,0.56,0.576,0.424,0.1,0.88,0.98,0.97,0.46,0.103,0.897,0.983,0.466
1626192,Pat Connaughton,1610612766,CHA,33.0,26,9.3,1.62,0.65,0.96,0.42,0.04,0.12,0.35,0.12,0.04,0.15,0.75,0.25,0.04,0.19,0.23,0.23,0.19,0.167,0.833,1.0,0.833
1630311,Pat Spencer,1610612744,GSW,29.0,49,19.6,2.08,1.06,1.02,1.33,0.0,0.16,0.41,0.29,0.18,0.47,0.609,0.391,0.0,0.16,0.16,0.16,0.06,0.0,1.0,1.0,0.375
1631116,Patrick Baldwin Jr.,1610612758,SAC,23.0,6,14.7,2.83,2.17,0.67,1.33,0.0,0.17,0.33,0.0,0.0,0.0,0.0,0.0,0.33,0.33,0.67,0.67,0.5,0.5,0.5,1.0,0.75
1630172,Patrick Williams,1610612741,CHI,24.0,60,20.2,3.27,1.87,1.4,1.37,0.0,0.35,0.8,0.12,0.2,0.32,0.368,0.632,0.07,0.8,0.88,0.85,0.35,0.075,0.906,0.981,0.404
202331,Paul George,1610612755,PHI,35.0,28,30.4,5.18,2.86,2.32,3.93,0.14,0.29,0.68,0.32,0.32,0.64,0.5,0.5,0.11,0.64,0.75,0.71,0.43,0.143,0.857,0.952,0.571
1630194,Paul Reed,1610612765,DET,26.0,54,13.6,4.63,3.26,1.37,2.0,0.02,1.48,3.63,0.31,0.15,0.46,0.68,0.32,0.19,0.56,0.74,0.74,0.54,0.25,0.75,1.0,0.725
1630202,Payton Pritchard,1610612738,BOS,28.0,69,32.6,1.77,0.52,1.25,1.42,0.03,0.29,0.68,0.33,0.25,0.58,0.575,0.425,0.04,0.38,0.43,0.42,0.1,0.1,0.867,1.0,0.241
1642362,Payton Sandfort,1610612760,OKC,23.0,1,4.7,1.0,0.0,1.0,1.0,0.0,0.0,0.0,0.0,0.0,0.0,0.0,0.0,0.0,0.0,0.0,0.0,0.0,0.0,0.0,0.0,0.0
1641796,Pelle Larsson,1610612748,MIA,25.0,63,25.9,4.67,2.65,2.02,1.75,0.19,0.21,0.48,0.1,0.1,0.19,0.5,0.5,0.13,0.48,0.6,0.57,0.33,0.211,0.789,0.947,0.553
1631250,Pete Nance,1610612749,MIL,26.0,33,15.0,2.67,1.73,0.94,0.76,0.0,0.64,1.42,0.09,0.06,0.15,0.6,0.4,0.09,0.27,0.36,0.36,0.21,0.25,0.75,1.0,0.583
1631212,Peyton Watson,1610612743,DEN,23.0,51,30.3,6.35,3.92,2.43,1.63,0.06,0.59,1.47,0.33,0.35,0.69,0.486,0.514,0.06,0.16,0.22,0.22,0.2,0.273,0.727,1.0,0.909
1630173,Precious Achiuwa,1610612758,SAC,26.0,65,23.3,5.55,3.54,2.02,1.71,0.05,0.83,1.92,0.34,0.14,0.48,0.71,0.29,0.42,0.35,0.77,0.77,0.52,0.54,0.46,1.0,0.68
1629656,Quentin Grimes,1610612755,PHI,25.0,65,30.0,3.58,1.82,1.77,2.09,0.02,0.18,0.4,0.32,0.26,0.58,0.553,0.447,0.0,0.18,0.18,0.18,0.08,0.0,1.0,1.0,0.417
1631245,Quenton Jackson,1610612754,IND,27.0,37,18.0,2.24,0.92,1.32,1.59,0.0,0.19,0.43,0.16,0.24,0.41,0.4,0.6,0.03,0.14,0.16,0.16,0.03,0.167,0.833,1.0,0.167
1642366,Quinten Post,1610612744,GSW,26.0,65,17.7,6.29,4.78,1.51,0.6,0.0,0.92,2.28,0.08,0.25,0.32,0.238,0.762,0.26,0.66,0.92,0.91,0.66,0.283,0.717,0.983,0.717
1629628,RJ Barrett,1610612761,TOR,25.0,48,30.0,4.6,2.63,1.98,1.94,0.06,0.38,0.9,0.19,0.27,0.46,0.409,0.591,0.13,0.35,0.48,0.48,0.29,0.261,0.739,1.0,0.609
1642853,Rasheer Fleming,1610612756,PHX,21.0,40,12.6,1.93,1.08,0.85,1.13,0.0,0.15,0.35,0.13,0.05,0.18,0.714,0.286,0.05,0.18,0.23,0.23,0.13,0.222,0.778,1.0,0.556
1642484,RayJ Dennis,1610612737,ATL,24.0,12,13.7,1.0,0.67,0.33,1.92,0.0,0.08,0.17,0.0,0.25,0.25,0.0,1.0,0.0,0.17,0.17,0.17,0.0,0.0,1.0,1.0,0.0
1641712,Rayan Rupert,1610612763,MEM,21.0,49,17.3,2.37,1.27,1.1,1.76,0.0,0.18,0.43,0.16,0.14,0.31,0.533,0.467,0.04,0.1,0.14,0.12,0.06,0.286,0.714,0.857,0.429
1642263,Reed Sheppard,1610612745,HOU,21.0,73,26.3,3.77,1.88,1.89,3.53,0.0,0.12,0.27,0.32,0.3,0.62,0.511,0.489,0.0,0.19,0.19,0.19,0.08,0.0,1.0,1.0,0.429
1642434,Riley Minix,1610612739,CLE,25.0,5,4.4,1.2,0.2,1.0,1.0,0.0,0.0,0.0,0.0,0.0,0.0,0.0,0.0,0.0,0.0,0.0,0.0,0.0,0.0,0.0,0.0,0.0
1642265,Rob Dillingham,1610612741,CHI,21.0,50,14.6,1.7,0.88,0.82,1.44,0.0,0.04,0.1,0.18,0.16,0.34,0.529,0.471,0.02,0.06,0.08,0.06,0.04,0.25,0.75,0.75,0.5
1629057,Robert Williams III,1610612757,POR,28.0,51,17.0,5.18,3.57,1.61,1.14,0.0,1.08,2.49,0.14,0.1,0.24,0.583,0.417,0.25,0.55,0.8,0.76,0.61,0.317,0.683,0.951,0.756
1642911,Rocco Zikarsky,1610612750,MIN,19.0,3,4.1,4.33,3.33,1.0,0.33,0.0,0.33,1.0,0.33,0.0,0.33,1.0,0.0,0.0,0.0,0.0,0.0,0.0,0.0,0.0,0.0,0.0
1631199,Ron Harper Jr.,1610612738,BOS,25.0,16,13.7,2.13,1.44,0.69,0.94,0.0,0.13,0.25,0.25,0.13,0.38,0.667,0.333,0.06,0.13,0.19,0.19,0.19,0.333,0.667,1.0,1.0
1641842,Ronald Holland II,1610612765,DET,20.0,68,20.0,1.93,0.94,0.99,2.18,0.03,0.22,0.54,0.24,0.28,0.51,0.457,0.543,0.06,0.1,0.16,0.15,0.1,0.364,0.636,0.909,0.636
1626220,Royce O'Neale,1610612756,PHX,32.0,70,29.1,2.39,1.11,1.27,2.27,0.0,0.56,1.29,0.23,0.26,0.49,0.471,0.529,0.04,0.5,0.54,0.54,0.27,0.079,0.921,1.0,0.5
203497,Rudy Gobert,1610612750,MIN,33.0,70,31.4,10.7,8.13,2.57,1.83,0.01,4.1,10.24,0.23,0.06,0.29,0.8,0.2,1.26,1.3,2.56,2.56,2.03,0.492,0.508,1.0,0.793
1629060,Rui Hachimura,1610612747,LAL,28.0,59,28.5,3.51,2.34,1.17,1.2,0.02,0.37,0.85,0.17,0.12,0.29,0.588,0.412,0.02,0.59,0.61,0.59,0.24,0.028,0.972,1.0,0.4
201566,Russell Westbrook,1610612758,SAC,37.0,60,29.1,1.83,0.82,1.02,2.28,0.0,0.17,0.37,0.42,0.35,0.77,0.543,0.457,0.03,0.12,0.15,0.15,0.12,0.222,0.778,1.0,0.778
1642346,Ryan Dunn,1610612756,PHX,23.0,62,19.7,3.74,1.97,1.77,1.87,0.0,0.37,0.87,0.19,0.16,0.35,0.545,0.455,0.08,0.13,0.21,0.21,0.15,0.385,0.615,1.0,0.692
1641750,Ryan Kalkbrenner,1610612766,CHA,24.0,60,21.8,9.42,7.28,2.13,1.07,0.02,2.25,5.37,0.13,0.18,0.32,0.421,0.579,0.7,1.73,2.43,2.43,1.35,0.288,0.712,1.0,0.555
1642948,Ryan Nembhard,1610612742,DAL,23.0,48,19.4,1.81,0.88,0.94,0.63,0.04,0.21,0.46,0.21,0.25,0.46,0.455,0.545,0.0,0.17,0.17,0.17,0.04,0.0,1.0,1.0,0.25
1631157,Ryan Rollins,1610612749,MIL,23.0,70,32.1,3.89,2.07,1.81,4.1,0.06,0.14,0.3,0.29,0.37,0.66,0.435,0.565,0.0,0.26,0.26,0.26,0.11,0.0,1.0,1.0,0.444
1630180,Saddiq Bey,1610612740,NOP,26.0,66,31.1,2.52,1.29,1.23,1.33,0.02,0.26,0.61,0.29,0.29,0.58,0.5,0.5,0.11,0.47,0.59,0.58,0.36,0.179,0.795,1.0,0.632
1630573,Sam Hauser,1610612738,BOS,28.0,69,24.9,4.01,2.35,1.67,1.3,0.0,0.65,1.52,0.17,0.13,0.3,0.571,0.429,0.03,0.61,0.64,0.64,0.28,0.045,0.955,1.0,0.432
1630241,Sam Merrill,1610612739,CLE,29.0,48,26.4,3.1,1.96,1.15,1.42,0.06,0.63,1.23,0.19,0.17,0.35,0.529,0.471,0.04,0.25,0.29,0.29,0.08,0.143,0.857,1.0,0.286
1630572,Sandro Mamukelashvili,1610612761,TOR,26.0,70,21.8,5.77,3.97,1.8,1.77,0.0,1.09,2.46,0.14,0.21,0.36,0.4,0.6,0.16,0.79,0.94,0.91,0.4,0.167,0.833,0.97,0.424
1630583,Santi Aldama,1610612763,MEM,25.0,43,27.9,6.65,4.26,2.4,1.44,0.05,0.58,1.37,0.21,0.19,0.4,0.529,0.471,0.05,0.65,0.7,0.7,0.44,0.067,0.933,1.0,0.633
1630703,Scoot Henderson,1610612757,POR,22.0,22,23.6,2.18,0.86,1.32,2.5,0.0,0.05,0.09,0.18,0.09,0.27,0.667,0.333,0.05,0.5,0.55,0.45,0.09,0.083,0.917,0.909,0.182
1630567,Scottie Barnes,1610612761,TOR,24.0,70,33.9,6.01,4.14,1.87,3.29,0.01,1.04,2.36,0.3,0.29,0.59,0.512,0.488,0.47,0.93,1.4,1.39,1.11,0.337,0.663,0.99,0.796
1630590,Scotty Pippen Jr.,1610612763,MEM,25.0,10,21.2,2.9,0.9,2.0,3.7,0.0,0.0,0.0,0.2,0.0,0.2,1.0,0.0,0.0,0.2,0.2,0.2,0.1,0.0,1.0,1.0,0.5
1642951,Sean Pedulla,1610612746,LAC,23.0,3,4.8,0.67,0.33,0.33,0.33,0.0,0.0,0.0,0.0,0.67,0.67,0.0,1.0,0.0,0.33,0.33,0.33,0.0,0.0,1.0,1.0,0.0
203552,Seth Curry,1610612744,GSW,35.0,4,12.8,1.0,0.0,1.0,0.5,0.0,0.0,0.0,0.25,0.0,0.25,1.0,0.0,0.0,0.0,0.0,0.0,0.0,0.0,0.0,0.0,0.0
1631101,Shaedon Sharpe,1610612757,POR,22.0,48,30.0,2.5,1.04,1.46,1.94,0.02,0.06,0.13,0.33,0.25,0.58,0.571,0.429,0.0,0.42,0.42,0.42,0.17,0.0,1.0,1.0,0.4
1628983,Shai Gilgeous-Alexander,1610612760,OKC,27.0,62,33.4,4.45,2.35,2.1,3.0,0.02,0.27,0.61,0.44,0.4,0.84,0.519,0.481,0.0,0.26,0.26,0.26,0.15,0.0,1.0,1.0,0.563
1630536,Sharife Cooper,1610612764,WAS,24.0,24,19.5,1.29,0.92,0.38,0.92,0.21,0.13,0.29,0.29,0.08,0.38,0.778,0.222,0.0,0.04,0.04,0.04,0.04,0.0,1.0,1.0,1.0
1631321,Sidy Cissoko,1610612757,POR,21.0,62,21.6,2.55,1.53,1.02,1.68,0.13,0.31,0.73,0.23,0.16,0.39,0.583,0.417,0.06,0.19,0.26,0.26,0.15,0.25,0.75,1.0,0.563
1631323,Simone Fontecchio,1610612748,MIA,30.0,61,17.9,2.3,1.25,1.05,1.08,0.0,0.1,0.25,0.2,0.16,0.36,0.545,0.455,0.15,0.3,0.44,0.44,0.3,0.333,0.667,1.0,0.667
1642883,Sion James,1610612766,CHA,23.0,73,22.8,3.44,2.11,1.33,1.3,0.01,0.55,1.3,0.1,0.11,0.21,0.467,0.533,0.05,0.37,0.42,0.42,0.14,0.129,0.871,1.0,0.323
1627746,Skal Labissiere,1610612764,WAS,30.0,3,12.5,3.33,2.67,0.67,1.0,0.0,2.33,5.33,0.0,0.33,0.33,0.0,1.0,0.33,1.0,1.33,1.33,0.67,0.25,0.75,1.0,0.5
1642461,Spencer Jones,1610612743,DEN,24.0,61,22.9,4.57,3.05,1.52,1.97,0.07,0.9,2.25,0.28,0.2,0.48,0.586,0.414,0.05,0.51,0.56,0.52,0.28,0.088,0.912,0.941,0.5
1630649,Stanley Umude,1610612759,SAS,26.0,2,3.3,0.5,0.5,0.0,0.5,0.0,0.0,0.0,0.0,0.0,0.0,0.0,0.0,0.0,0.0,0.0,0.0,0.0,0.0,0.0,0.0,0.0
201939,Stephen Curry,1610612744,GSW,38.0,39,31.3,2.74,1.41,1.33,2.54,0.05,0.9,2.03,0.51,0.41,0.92,0.556,0.444,0.05,0.23,0.28,0.28,0.13,0.182,0.818,1.0,0.455
1642264,Stephon Castle,1610612759,SAS,21.0,61,29.6,4.31,2.61,1.7,2.38,0.0,0.46,1.11,0.34,0.16,0.51,0.677,0.323,0.02,0.26,0.28,0.28,0.07,0.059,0.941,1.0,0.235
203500,Steven Adams,1610612745,HOU,32.0,32,22.8,5.56,3.97,1.59,0.97,0.0,2.84,6.25,0.41,0.09,0.5,0.813,0.188,1.66,0.81,2.47,2.41,1.91,0.671,0.329,0.975,0.772
1629004,Svi Mykhailiuk,1610612762,UTA,28.0,48,23.4,2.67,1.35,1.31,1.58,0.02,0.35,0.79,0.19,0.29,0.48,0.391,0.609,0.0,0.29,0.29,0.29,0.17,0.0,1.0,1.0,0.571
204456,T.J. McConnell,1610612754,IND,34.0,53,17.3,1.43,0.66,0.77,2.15,0.08,0.06,0.17,0.21,0.42,0.62,0.333,0.667,0.0,0.13,0.13,0.13,0.06,0.0,1.0,1.0,0.429
1643007,Taelon Peter,1610612754,IND,24.0,24,13.4,2.54,1.58,0.96,1.25,0.04,0.04,0.08,0.04,0.17,0.21,0.2,0.8,0.0,0.25,0.25,0.25,0.08,0.0,1.0,1.0,0.333
201959,Taj Gibson,1610612763,MEM,40.0,7,9.3,1.86,1.14,0.71,0.57,0.0,1.14,3.29,0.0,0.0,0.0,0.0,0.0,0.14,0.14,0.29,0.29,0.29,0.5,0.5,1.0,1.0
1631106,Tari Eason,1610612745,HOU,24.0,51,26.0,4.69,3.0,1.69,2.49,0.0,0.18,0.43,0.45,0.33,0.78,0.575,0.425,0.04,0.25,0.29,0.29,0.18,0.133,0.867,1.0,0.6
1627752,Taurean Prince,1610612749,MIL,32.0,17,20.3,2.29,0.94,1.35,1.29,0.0,0.12,0.24,0.0,0.06,0.06,0.0,1.0,0.0,0.24,0.24,0.24,0.18,0.0,1.0,1.0,0.75
1641707,Taylor Hendricks,1610612763,MEM,22.0,54,19.3,3.74,2.17,1.57,1.48,0.0,1.02,2.39,0.15,0.11,0.26,0.571,0.429,0.04,0.2,0.24,0.24,0.09,0.154,0.846,1.0,0.385
1629611,Terance Mann,1610612751,BKN,29.0,60,24.4,2.77,1.62,1.15,1.93,0.05,0.43,1.07,0.17,0.13,0.3,0.556,0.444,0.08,0.23,0.32,0.32,0.15,0.263,0.737,1.0,0.474
1630545,Terrence Shannon Jr.,1610612750,MIN,25.0,30,12.1,1.77,0.97,0.8,0.8,0.07,0.2,0.47,0.1,0.07,0.17,0.6,0.4,0.0,0.27,0.27,0.23,0.03,0.0,1.0,0.875,0.125
203648,Thanasis Antetokounmpo,1610612749,MIL,33.0,21,4.4,0.48,0.29,0.19,0.86,0.0,0.14,0.29,0.14,0.0,0.14,1.0,0.0,0.05,0.0,0.05,0.05,0.05,1.0,0.0,1.0,1.0
1628418,Thomas Bryant,1610612739,CLE,28.0,53,12.0,3.08,2.6,0.47,0.62,0.02,0.98,2.21,0.13,0.06,0.19,0.7,0.3,0.25,0.58,0.85,0.83,0.58,0.289,0.689,1.0,0.705
1642275,Tidjane Salaün,1610612766,CHA,20.0,33,17.1,2.94,1.64,1.3,1.09,0.03,0.55,1.33,0.09,0.18,0.27,0.333,0.667,0.09,0.58,0.67,0.67,0.42,0.136,0.864,1.0,0.636
203501,Tim Hardaway Jr.,1610612743,DEN,34.0,73,26.9,2.86,1.48,1.38,0.86,0.1,0.41,0.99,0.07,0.14,0.21,0.333,0.667,0.01,0.23,0.25,0.25,0.12,0.056,0.944,1.0,0.5
202699,Tobias Harris,1610612765,DET,33.0,55,28.7,3.98,2.05,1.93,1.42,0.0,0.36,0.8,0.22,0.29,0.51,0.429,0.571,0.09,0.96,1.05,1.04,0.53,0.086,0.914,1.0,0.509
1642449,Tolu Smith,1610612765,DET,25.0,9,10.6,2.78,1.89,0.89,0.33,0.0,1.33,3.44,0.11,0.0,0.11,1.0,0.0,0.44,1.11,1.56,1.56,1.11,0.286,0.714,1.0,0.714
1628396,Tony Bradley,1610612754,IND,28.0,35,11.7,3.06,2.23,0.83,0.37,0.0,0.94,2.2,0.11,0.09,0.2,0.571,0.429,0.37,0.74,1.11,1.11,0.66,0.333,0.667,1.0,0.59
1641787,Tosan Evbuomwan,1610612766,CHA,25.0,2,2.3,1.5,1.0,0.5,0.0,0.0,0.0,0.0,0.5,0.0,0.5,1.0,0.0,0.0,0.0,0.0,0.0,0.0,0.0,0.0,0.0,0.0
1641739,Toumani Camara,1610612757,POR,25.0,74,33.1,5.27,3.11,2.16,2.47,0.2,0.78,1.92,0.28,0.22,0.5,0.568,0.432,0.18,0.43,0.61,0.59,0.27,0.289,0.711,0.978,0.444
1629027,Trae Young,1610612764,WAS,27.0,15,25.6,1.07,0.47,0.6,1.53,0.07,0.13,0.27,0.27,0.2,0.47,0.571,0.429,0.0,0.27,0.27,0.27,0.13,0.0,1.0,1.0,0.5
1631218,Trayce Jackson-Davis,1610612761,TOR,26.0,45,10.4,3.73,2.91,0.82,0.6,0.0,1.22,2.89,0.18,0.09,0.27,0.667,0.333,0.47,0.53,1.0,0.96,0.69,0.467,0.533,0.956,0.689
1642848,Tre Johnson,1610612764,WAS,20.0,54,24.2,2.69,1.43,1.26,1.39,0.0,0.17,0.41,0.13,0.11,0.24,0.538,0.462,0.02,0.19,0.2,0.2,0.07,0.091,0.909,1.0,0.364
1630200,Tre Jones,1610612741,CHI,26.0,56,27.0,2.57,1.63,0.95,2.32,0.13,0.3,0.71,0.21,0.18,0.39,0.545,0.455,0.0,0.29,0.29,0.29,0.16,0.0,1.0,1.0,0.563
1630544,Tre Mann,1610612766,CHA,25.0,40,15.5,1.9,1.05,0.85,1.23,0.0,0.23,0.58,0.15,0.2,0.35,0.429,0.571,0.0,0.15,0.15,0.15,0.05,0.0,1.0,1.0,0.333
1630570,Trendon Watford,1610612755,PHI,25.0,49,17.2,3.69,1.96,1.73,0.88,0.0,0.35,0.84,0.27,0.12,0.39,0.684,0.316,0.04,0.16,0.2,0.2,0.08,0.2,0.8,1.0,0.4
1642280,Trentyn Flowers,1610612741,CHI,21.0,2,2.8,1.0,1.0,0.0,0.5,0.0,0.0,0.0,0.5,0.0,0.5,1.0,0.0,0.0,0.0,0.0,0.0,0.0,0.0,0.0,0.0,0.0
1641725,Trey Alexander,1610612740,NOP,22.0,4,10.0,1.75,1.5,0.25,1.75,0.0,0.0,0.0,0.0,0.0,0.0,0.0,0.0,0.0,1.0,1.0,1.0,0.0,0.0,1.0,1.0,0.0
1641998,Trey Jemison III,1610612752,NYK,26.0,9,6.3,1.33,1.22,0.11,0.56,0.0,0.67,1.56,0.11,0.11,0.22,0.5,0.5,0.0,0.56,0.56,0.56,0.22,0.0,1.0,1.0,0.4
1630530,Trey Murphy III,1610612740,NOP,25.0,64,35.5,4.67,2.55,2.13,2.77,0.0,0.61,1.28,0.25,0.38,0.63,0.4,0.6,0.03,0.27,0.3,0.28,0.14,0.105,0.895,0.947,0.474
1642400,Tristan Enaruna,1610612739,CLE,24.0,3,5.9,1.0,0.67,0.33,0.33,0.0,0.33,1.0,0.33,0.0,0.33,1.0,0.0,0.0,0.0,0.0,0.0,0.0,0.0,0.0,0.0,0.0
1641774,Tristan Vukcevic,1610612764,WAS,23.0,44,14.0,4.25,3.05,1.2,1.07,0.02,1.61,3.84,0.18,0.09,0.27,0.667,0.333,0.07,0.55,0.61,0.61,0.3,0.111,0.889,1.0,0.481
1641783,Tristan da Silva,1610612753,ORL,24.0,68,24.7,3.78,2.47,1.31,1.72,0.0,0.37,0.78,0.19,0.16,0.35,0.542,0.458,0.01,0.6,0.62,0.62,0.37,0.024,0.976,1.0,0.595
1629660,Ty Jerome,1610612763,MEM,28.0,15,22.6,2.13,0.8,1.33,2.8,0.0,0.13,0.4,0.2,0.07,0.27,0.75,0.25,0.07,0.13,0.2,0.2,0.2,0.333,0.667,1.0,1.0
1631102,TyTy Washington Jr.,1610612746,LAC,24.0,6,8.8,1.17,0.5,0.67,1.0,0.0,0.0,0.0,0.17,0.0,0.17,1.0,0.0,0.0,0.17,0.17,0.17,0.0,0.0,1.0,1.0,0.0
1631174,Tyler Burton,1610612763,MEM,26.0,8,25.6,3.88,2.25,1.63,2.5,0.0,0.13,0.25,0.25,0.25,0.5,0.5,0.5,0.0,0.25,0.25,0.25,0.25,0.0,1.0,1.0,1.0
1629639,Tyler Herro,1610612748,MIA,26.0,27,30.9,3.26,2.44,0.81,1.3,0.0,0.04,0.11,0.19,0.22,0.41,0.455,0.545,0.0,0.04,0.04,0.04,0.0,0.0,1.0,1.0,0.0
1642278,Tyler Kolek,1610612752,NYK,25.0,47,13.9,1.53,0.89,0.64,0.81,0.04,0.09,0.19,0.13,0.21,0.34,0.375,0.625,0.0,0.17,0.17,0.17,0.06,0.0,1.0,1.0,0.375
1641890,Tyler Smith,1610612742,DAL,21.0,4,6.2,2.5,1.75,0.75,0.5,0.0,0.0,0.0,0.0,0.0,0.0,0.0,0.0,0.0,0.25,0.25,0.25,0.0,0.0,1.0,1.0,0.0
1631213,Tyrese Martin,1610612755,PHI,27.0,40,18.3,2.43,1.28,1.15,1.33,0.0,0.15,0.35,0.25,0.3,0.55,0.455,0.545,0.05,0.2,0.25,0.25,0.18,0.2,0.8,1.0,0.7
1630178,Tyrese Maxey,1610612755,PHI,25.0,61,38.3,3.9,1.74,2.16,3.62,0.05,0.31,0.7,0.26,0.52,0.79,0.333,0.667,0.02,0.2,0.21,0.2,0.05,0.077,0.923,0.923,0.231
1642878,Tyrese Proctor,1610612739,CLE,21.0,35,11.6,1.03,0.43,0.6,1.46,0.03,0.2,0.46,0.09,0.17,0.26,0.333,0.667,0.03,0.14,0.17,0.17,0.03,0.167,0.833,1.0,0.167
1630623,Tyson Etienne,1610612751,BKN,26.0,11,15.4,0.91,0.55,0.36,0.73,0.0,0.0,0.0,0.18,0.27,0.45,0.4,0.6,0.0,0.27,0.27,0.27,0.0,0.0,1.0,1.0,0.0
1626145,Tyus Jones,1610612743,DEN,29.0,50,15.8,0.88,0.26,0.62,1.06,0.0,0.1,0.24,0.04,0.06,0.1,0.4,0.6,0.0,0.1,0.1,0.1,0.06,0.0,1.0,1.0,0.6
1642845,VJ Edgecombe,1610612755,PHI,20.0,66,34.9,4.32,2.55,1.77,3.3,0.0,0.23,0.5,0.53,0.61,1.14,0.467,0.533,0.03,0.29,0.32,0.32,0.18,0.095,0.905,1.0,0.571
1641705,Victor Wembanyama,1610612759,SAS,22.0,58,29.2,9.05,6.55,2.5,2.71,0.05,1.43,3.09,0.28,0.21,0.48,0.571,0.429,0.33,0.72,1.05,1.05,0.79,0.311,0.689,1.0,0.754
1631246,Vince Williams Jr.,1610612762,UTA,25.0,40,20.5,2.8,1.63,1.18,1.8,0.03,0.15,0.38,0.28,0.13,0.4,0.688,0.313,0.05,0.15,0.2,0.2,0.1,0.25,0.75,1.0,0.5
1642884,Vladislav Goldin,1610612748,MIA,24.0,3,3.5,1.67,1.33,0.33,0.67,0.0,0.0,0.0,0.0,0.0,0.0,0.0,0.0,0.0,0.33,0.33,0.33,0.33,0.0,1.0,1.0,1.0
1630249,Vít Krejčí,1610612757,POR,25.0,63,21.9,4.25,2.43,1.83,1.46,0.0,0.33,0.75,0.14,0.25,0.4,0.36,0.64,0.0,0.3,0.3,0.3,0.1,0.0,1.0,1.0,0.316
1631117,Walker Kessler,1610612762,UTA,24.0,5,30.8,8.6,6.8,1.8,3.2,0.0,3.2,7.8,0.8,0.0,0.8,1.0,0.0,0.8,1.6,2.4,2.2,1.4,0.333,0.667,0.917,0.583
1642383,Walter Clayton Jr.,1610612763,MEM,23.0,62,20.0,4.13,1.82,2.31,1.27,0.06,0.21,0.48,0.1,0.15,0.24,0.4,0.6,0.0,0.19,0.19,0.19,0.11,0.0,1.0,1.0,0.583
1628976,Wendell Carter Jr.,1610612753,ORL,26.0,69,29.7,7.75,5.84,1.91,1.67,0.01,2.8,6.35,0.28,0.28,0.55,0.5,0.5,0.51,1.99,2.49,2.49,1.41,0.203,0.797,1.0,0.564
1631111,Wendell Moore Jr.,1610612765,DET,24.0,5,10.9,1.8,1.0,0.8,0.8,0.0,0.2,0.4,0.0,0.0,0.0,0.0,0.0,0.0,0.0,0.0,0.0,0.0,0.0,0.0,0.0,0.0
1642954,Will Richard,1610612744,GSW,23.0,61,20.5,2.25,1.16,1.08,2.46,0.08,0.2,0.44,0.15,0.15,0.3,0.5,0.5,0.08,0.21,0.3,0.3,0.21,0.278,0.722,1.0,0.722
1642860,Will Riley,1610612764,WAS,20.0,58,22.1,3.29,2.14,1.16,1.14,0.02,0.19,0.48,0.05,0.12,0.17,0.3,0.7,0.03,0.26,0.29,0.28,0.16,0.118,0.882,0.941,0.529
1630214,Xavier Tillman,1610612766,CHA,27.0,17,8.2,2.65,1.24,1.41,1.0,0.0,0.94,2.24,0.0,0.24,0.24,0.0,1.0,0.35,0.12,0.53,0.47,0.41,0.667,0.222,1.0,0.875
1642905,Yang Hansen,1610612757,POR,20.0,35,7.8,3.09,2.06,1.03,0.49,0.0,1.03,2.4,0.14,0.0,0.14,1.0,0.0,0.11,0.6,0.71,0.69,0.29,0.16,0.84,0.96,0.4
1642949,Yanic Konan Niederhäuser,1610612746,LAC,23.0,33,12.1,4.15,3.45,0.7,0.64,0.06,1.39,3.12,0.03,0.0,0.03,1.0,0.0,0.21,0.55,0.76,0.76,0.52,0.28,0.72,1.0,0.68
1642530,Yuki Kawamura,1610612741,CHI,24.0,8,14.5,1.0,0.13,0.88,1.13,0.13,0.0,0.0,0.0,0.13,0.13,0.0,1.0,0.0,0.13,0.13,0.13,0.0,0.0,1.0,1.0,0.0
1642274,Yves Missi,1610612740,NOP,21.0,61,19.1,6.59,4.25,2.34,0.79,0.0,1.89,4.08,0.33,0.18,0.51,0.645,0.355,0.51,0.64,1.15,1.13,0.67,0.443,0.557,0.986,0.586
1642258,Zaccharie Risacher,1610612737,ATL,20.0,60,23.2,4.45,2.83,1.62,2.18,0.0,0.13,0.33,0.13,0.23,0.37,0.364,0.636,0.07,0.18,0.25,0.25,0.15,0.267,0.733,1.0,0.6
1628380,Zach Collins,1610612741,CHI,28.0,10,18.4,5.7,4.2,1.5,1.0,0.0,2.3,5.3,0.2,0.1,0.3,0.667,0.333,0.3,1.0,1.3,1.3,0.9,0.231,0.769,1.0,0.692
1641744,Zach Edey,1610612763,MEM,23.0,11,25.8,8.0,6.73,1.27,1.09,0.0,3.18,7.09,0.18,0.09,0.27,0.667,0.333,1.73,2.36,4.09,4.09,3.27,0.422,0.578,1.0,0.8
203897,Zach LaVine,1610612758,SAC,31.0,39,31.4,4.23,1.9,2.33,1.28,0.0,0.18,0.41,0.08,0.15,0.23,0.333,0.667,0.0,0.18,0.18,0.18,0.08,0.0,1.0,1.0,0.429
1630192,Zeke Nnaji,1610612743,DEN,25.0,45,12.6,3.58,2.31,1.27,0.96,0.02,1.18,2.89,0.09,0.13,0.22,0.4,0.6,0.11,0.27,0.38,0.36,0.18,0.294,0.706,0.941,0.471
1630533,Ziaire Williams,1610612751,BKN,24.0,52,23.0,3.71,1.69,2.02,3.17,0.02,0.12,0.27,0.19,0.33,0.52,0.37,0.63,0.0,0.19,0.19,0.19,0.1,0.0,1.0,1.0,0.5
1629627,Zion Williamson,1610612740,NOP,25.0,57,29.8,4.07,1.88,2.19,2.11,0.02,0.82,2.02,0.4,0.18,0.58,0.697,0.303,0.18,0.65,0.84,0.81,0.61,0.208,0.771,0.979,0.745
1642389,Zyon Pullin,1610612750,MIN,25.0,1,4.9,0.0,0.0,0.0,1.0,0.0,0.0,0.0,0.0,0.0,0.0,0.0,0.0,0.0,0.0,0.0,0.0,0.0,0.0,0.0,0.0,0.0
